run_id,video_id,group,positions,slot,t_origin,split10_coarse,clip_ss,clip_frames,k0,final_time,split10,clock_resid_p95,clock_monotone,n_clock,bib,bib_agree
-zgIolzsJxY_000,-zgIolzsJxY,Defensive Backs,CB,1022,8.99,,7.9746,184,33.534,4.51,,0.0113,True,135,2,1.0
-zgIolzsJxY_001,-zgIolzsJxY,Defensive Backs,CB,1022,54.01,,52.9863,181,33.962,4.41,,0.014,True,131,5,1.0
-zgIolzsJxY_002,-zgIolzsJxY,Defensive Backs,CB,1022,70.37,,69.3693,181,33.311,4.42,,0.0112,True,132,7,1.0
-zgIolzsJxY_003,-zgIolzsJxY,Defensive Backs,CB,1022,84.94,,83.9172,180,34.011,4.38,,0.0112,True,130,9,1.0
-zgIolzsJxY_004,-zgIolzsJxY,Defensive Backs,CB,1022,126.81,,125.7923,185,33.65,4.54,,0.0136,True,135,10,1.0
-zgIolzsJxY_005,-zgIolzsJxY,Defensive Backs,CB,1022,152.43,,151.4179,186,33.703,4.59,,0.0119,True,138,12,1.0
-zgIolzsJxY_006,-zgIolzsJxY,Defensive Backs,CB,1022,168.085,,167.0669,182,33.805,4.45,,0.0192,True,133,14,1.0
-zgIolzsJxY_007,-zgIolzsJxY,Defensive Backs,CB,1022,195.3,,194.2941,182,33.422,4.46,,0.0108,True,133,15,1.0
-zgIolzsJxY_008,-zgIolzsJxY,Defensive Backs,CB,1022,226.53,,225.5253,181,33.137,4.41,,0.0123,True,132,16,1.0
-zgIolzsJxY_009,-zgIolzsJxY,Defensive Backs,CB,1022,239.07,,238.0378,181,34.149,4.43,,0.0112,True,132,17,1.0
-zgIolzsJxY_010,-zgIolzsJxY,Defensive Backs,CB,1022,250.89,,249.883,184,33.514,4.52,,0.0157,True,135,18,1.0
-zgIolzsJxY_011,-zgIolzsJxY,Defensive Backs,CB,1022,262.58,,261.5613,185,33.706,4.56,,0.0122,True,136,19,0.984
-zgIolzsJxY_012,-zgIolzsJxY,Defensive Backs,CB,1022,278.275,,277.2436,182,34.024,4.44,,0.0165,True,134,21,1.0
-zgIolzsJxY_013,-zgIolzsJxY,Defensive Backs,CB,1022,292.41,,291.3911,185,33.43,4.55,,0.0125,True,136,22,1.0
-zgIolzsJxY_014,-zgIolzsJxY,Defensive Backs,CB,1022,305.87,,304.8379,181,34.173,4.42,,0.0118,True,133,23,1.0
-zgIolzsJxY_015,-zgIolzsJxY,Defensive Backs,CB,1022,320.8,,319.7861,185,33.772,4.54,,0.0109,True,135,24,1.0
-zgIolzsJxY_016,-zgIolzsJxY,Defensive Backs,CB,1022,332.12,,331.0974,179,33.917,4.36,,0.0109,True,130,26,1.0
-zgIolzsJxY_017,-zgIolzsJxY,Defensive Backs,CB,1022,372.51,,371.5045,182,33.128,4.46,,0.0168,True,134,27,1.0
-zgIolzsJxY_018,-zgIolzsJxY,Defensive Backs,CB,1022,386.22,,385.2182,181,33.519,4.42,,0.0114,True,131,28,1.0
-zgIolzsJxY_019,-zgIolzsJxY,Defensive Backs,CB,1088,438.81,,437.804,185,33.275,4.56,,0.0114,True,136,2,1.0
-zgIolzsJxY_020,-zgIolzsJxY,Defensive Backs,CB,1088,456.14,,455.1213,181,33.76,4.44,,0.0114,True,132,5,1.0
-zgIolzsJxY_021,-zgIolzsJxY,Defensive Backs,CB,1088,465.35,,464.3305,182,33.817,4.44,,0.0129,True,132,7,1.0
-zgIolzsJxY_022,-zgIolzsJxY,Defensive Backs,CB,1088,482.32,,481.3142,180,33.226,4.4,,0.0126,True,132,9,1.0
-zgIolzsJxY_023,-zgIolzsJxY,Defensive Backs,CB,1088,504.16,,503.136,183,33.953,4.5,,0.0141,True,134,10,1.0
-zgIolzsJxY_024,-zgIolzsJxY,Defensive Backs,CB,1088,527.495,,526.4926,186,33.303,4.6,,0.0138,True,138,12,1.0
-zgIolzsJxY_025,-zgIolzsJxY,Defensive Backs,CB,1088,547.06,,546.0455,182,32.606,4.44,,0.0116,True,133,14,1.0
-zgIolzsJxY_026,-zgIolzsJxY,Defensive Backs,CB,1088,583.35,,582.3484,185,33.247,4.55,,0.0125,True,136,15,1.0
-zgIolzsJxY_027,-zgIolzsJxY,Defensive Backs,CB,1088,620.78,,619.7525,181,34.155,4.42,,0.0112,True,132,16,1.0
-zgIolzsJxY_028,-zgIolzsJxY,Defensive Backs,CB,1088,642.54,,641.5075,180,32.93,4.4,,0.0113,True,131,17,1.0
-zgIolzsJxY_029,-zgIolzsJxY,Defensive Backs,CB,1088,676.97,,675.9419,185,33.952,4.55,,0.0173,True,136,18,1.0
-zgIolzsJxY_030,-zgIolzsJxY,Defensive Backs,CB,1088,693.98,,692.9589,182,33.621,4.46,,0.0113,True,134,19,1.0
-zgIolzsJxY_031,-zgIolzsJxY,Defensive Backs,CB,1088,723.43,,722.4217,181,33.514,4.43,,0.0117,True,132,21,1.0
-zgIolzsJxY_032,-zgIolzsJxY,Defensive Backs,CB,1088,760.28,,759.2585,183,32.686,4.5,,0.0151,True,135,22,1.0
-zgIolzsJxY_033,-zgIolzsJxY,Defensive Backs,CB,1088,770.98,,769.9692,182,33.549,4.46,,0.0198,True,134,23,1.0
-zgIolzsJxY_034,-zgIolzsJxY,Defensive Backs,CB,1088,785.16,,784.15,183,33.513,4.5,,0.0162,True,135,24,1.0
-zgIolzsJxY_035,-zgIolzsJxY,Defensive Backs,CB,1088,812.18,,811.177,178,33.167,4.32,,0.0111,True,129,26,1.0
-zgIolzsJxY_036,-zgIolzsJxY,Defensive Backs,CB,1088,851.54,,850.5163,182,34.039,4.45,,0.0128,True,133,27,1.0
-zgIolzsJxY_037,-zgIolzsJxY,Defensive Backs,CB,1088,861.22,,860.1927,180,33.912,4.4,,0.013,True,131,28,0.928
0r_usy_GIAI_000,0r_usy_GIAI,Wide Receivers Group 1,WR,1022,6.96,,5.9393,186,33.701,4.58,,0.015,True,137,2,1.0
0r_usy_GIAI_001,0r_usy_GIAI,Wide Receivers Group 1,WR,1022,22.73,,21.7217,183,33.314,4.5,,0.0172,True,134,4,1.0
0r_usy_GIAI_002,0r_usy_GIAI,Wide Receivers Group 1,WR,1022,53.19,,52.1855,180,33.656,4.4,,0.0196,True,132,5,1.0
0r_usy_GIAI_003,0r_usy_GIAI,Wide Receivers Group 1,WR,1022,74.31,,73.3066,180,33.031,4.38,,0.0142,True,131,6,1.0
0r_usy_GIAI_004,0r_usy_GIAI,Wide Receivers Group 1,WR,1022,107.48,,106.473,184,33.233,4.52,,0.0163,True,135,7,1.0
0r_usy_GIAI_005,0r_usy_GIAI,Wide Receivers Group 1,WR,1022,135.98,,134.9682,181,33.325,4.42,,0.017,True,131,9,1.0
0r_usy_GIAI_006,0r_usy_GIAI,Wide Receivers Group 1,WR,1022,147.13,,146.1126,179,33.81,4.37,,0.0166,True,131,10,0.96
0r_usy_GIAI_007,0r_usy_GIAI,Wide Receivers Group 1,WR,1022,157.99,,156.9568,181,34.094,4.41,,0.0128,True,132,11,1.0
0r_usy_GIAI_008,0r_usy_GIAI,Wide Receivers Group 1,WR,1022,182.08,,181.0475,178,33.3,4.33,,0.0114,True,130,12,1.0
0r_usy_GIAI_009,0r_usy_GIAI,Wide Receivers Group 1,WR,1022,233.01,,231.9984,178,33.719,4.32,,0.0118,True,129,13,1.0
0r_usy_GIAI_010,0r_usy_GIAI,Wide Receivers Group 1,WR,1022,290.91,,289.8896,183,33.725,4.5,,0.0117,True,135,15,1.0
0r_usy_GIAI_011,0r_usy_GIAI,Wide Receivers Group 1,WR,1022,307.48,,306.4728,182,32.211,4.47,,0.0127,True,133,17,1.0
0r_usy_GIAI_012,0r_usy_GIAI,Wide Receivers Group 1,WR,1022,345.73,,344.711,180,33.714,4.4,,0.0153,True,132,19,1.0
0r_usy_GIAI_013,0r_usy_GIAI,Wide Receivers Group 1,WR,1022,361.25,,360.2265,187,33.713,4.62,,0.0162,True,139,20,1.0
0r_usy_GIAI_014,0r_usy_GIAI,Wide Receivers Group 1,WR,1022,383.61,,382.5822,182,34.226,4.44,,0.0113,True,133,21,1.0
0r_usy_GIAI_015,0r_usy_GIAI,Wide Receivers Group 1,WR,1088,434.64,,433.6332,185,33.502,4.54,,0.0116,True,136,2,1.0
0r_usy_GIAI_016,0r_usy_GIAI,Wide Receivers Group 1,WR,1088,446.4,,445.3783,184,34.03,4.53,,0.0171,True,136,4,1.0
0r_usy_GIAI_017,0r_usy_GIAI,Wide Receivers Group 1,WR,1088,470.51,,469.5024,181,33.793,4.42,,0.0115,True,133,5,1.0
0r_usy_GIAI_018,0r_usy_GIAI,Wide Receivers Group 1,WR,1088,493.75,,492.7256,181,32.876,4.41,,0.0118,True,131,6,1.0
0r_usy_GIAI_019,0r_usy_GIAI,Wide Receivers Group 1,WR,1088,505.28,,504.2704,183,33.467,4.49,,0.0164,True,135,7,1.0
0r_usy_GIAI_020,0r_usy_GIAI,Wide Receivers Group 1,WR,1088,531.38,,530.3632,179,33.718,4.36,,0.0127,True,129,9,1.0
0r_usy_GIAI_021,0r_usy_GIAI,Wide Receivers Group 1,WR,1088,568.44,,567.4335,181,33.68,4.42,,0.0128,True,133,11,1.0
0r_usy_GIAI_022,0r_usy_GIAI,Wide Receivers Group 1,WR,1088,581.21,,580.1796,178,33.935,4.31,,0.0163,True,130,12,1.0
0r_usy_GIAI_023,0r_usy_GIAI,Wide Receivers Group 1,WR,1088,592.71,,591.6911,179,33.719,4.37,,0.0131,True,130,13,1.0
0r_usy_GIAI_024,0r_usy_GIAI,Wide Receivers Group 1,WR,1088,609.09,,608.0741,183,33.659,4.5,,0.0131,True,135,15,1.0
0r_usy_GIAI_025,0r_usy_GIAI,Wide Receivers Group 1,WR,1088,620.69,,619.6857,181,33.416,4.43,,0.0124,True,132,17,1.0
0r_usy_GIAI_026,0r_usy_GIAI,Wide Receivers Group 1,WR,1088,646.82,,645.8118,180,32.488,4.4,,0.014,True,131,19,1.0
0r_usy_GIAI_027,0r_usy_GIAI,Wide Receivers Group 1,WR,1088,672.46,,671.4374,187,33.725,4.64,,0.0129,True,138,20,1.0
0r_usy_GIAI_028,0r_usy_GIAI,Wide Receivers Group 1,WR,1088,684.03,,683.0157,182,32.709,4.46,,0.0112,True,133,21,1.0
9xc35LbeeUE_000,9xc35LbeeUE,Tight Ends,TE,1022,39.08,,38.0714,188,33.378,4.65,,0.0144,True,139,1,1.0
9xc35LbeeUE_001,9xc35LbeeUE,Tight Ends,TE,1022,65.9,,64.8982,189,33.467,4.68,,0.0184,True,139,3,1.0
9xc35LbeeUE_002,9xc35LbeeUE,Tight Ends,TE,1022,109.38,,108.3749,190,33.129,4.73,,0.0112,True,141,5,1.0
9xc35LbeeUE_003,9xc35LbeeUE,Tight Ends,TE,1022,123.54,,122.5224,189,33.56,4.68,,0.0154,True,140,6,1.0
9xc35LbeeUE_004,9xc35LbeeUE,Tight Ends,TE,1022,141.68,,140.6739,186,33.238,4.6,,0.0142,True,137,7,1.0
9xc35LbeeUE_005,9xc35LbeeUE,Tight Ends,TE,1022,165.485,,164.4643,185,33.819,4.57,,0.0112,True,136,8,1.0
9xc35LbeeUE_006,9xc35LbeeUE,Tight Ends,TE,1022,185.67,,184.6511,191,33.817,4.75,,0.0169,True,143,10,1.0
9xc35LbeeUE_007,9xc35LbeeUE,Tight Ends,TE,1022,205.63,,204.6044,184,34.104,4.53,,0.0146,True,135,11,1.0
9xc35LbeeUE_008,9xc35LbeeUE,Tight Ends,TE,1022,236.31,,235.3017,196,33.431,4.91,,0.0163,True,146,12,1.0
9xc35LbeeUE_009,9xc35LbeeUE,Tight Ends,TE,1022,248.86,,247.8476,187,32.43,4.62,,0.0111,True,138,14,1.0
9xc35LbeeUE_010,9xc35LbeeUE,Tight Ends,TE,1022,264.44,,263.4298,190,32.606,4.71,,0.0179,True,140,15,1.0
9xc35LbeeUE_011,9xc35LbeeUE,Tight Ends,TE,1022,275.08,,274.0738,184,33.087,4.52,,0.0144,True,135,16,1.0
9xc35LbeeUE_012,9xc35LbeeUE,Tight Ends,TE,1022,290.01,,288.9887,188,33.621,4.66,,0.0122,True,140,18,1.0
9xc35LbeeUE_013,9xc35LbeeUE,Tight Ends,TE,1022,300.54,,299.5326,187,32.677,4.62,,0.0118,True,137,19,1.0
9xc35LbeeUE_014,9xc35LbeeUE,Tight Ends,TE,1022,314.05,,313.0461,189,33.143,4.7,,0.0127,True,140,21,1.0
9xc35LbeeUE_015,9xc35LbeeUE,Tight Ends,TE,1022,353.79,,352.7858,180,33.433,4.4,,0.0112,True,132,23,1.0
9xc35LbeeUE_016,9xc35LbeeUE,Tight Ends,TE,1022,386.43,,385.4184,187,33.649,4.63,,0.0183,True,138,24,1.0
9xc35LbeeUE_017,9xc35LbeeUE,Tight Ends,TE,1089,419.82,,418.8184,187,33.534,4.63,,0.0159,True,139,1,1.0
9xc35LbeeUE_018,9xc35LbeeUE,Tight Ends,TE,1089,430.685,,429.6626,188,32.863,4.65,,0.0128,True,138,3,1.0
9xc35LbeeUE_019,9xc35LbeeUE,Tight Ends,TE,1089,442.21,,441.2074,190,33.012,4.73,,0.0175,True,141,5,1.0
9xc35LbeeUE_020,9xc35LbeeUE,Tight Ends,TE,1089,454.05,,453.0192,187,34.339,4.63,,0.0114,True,138,6,1.0
9xc35LbeeUE_021,9xc35LbeeUE,Tight Ends,TE,1089,464.57,,463.5631,187,33.376,4.62,,0.017,True,138,7,1.0
9xc35LbeeUE_022,9xc35LbeeUE,Tight Ends,TE,1089,479.21,,478.1777,187,33.073,4.62,,0.0117,True,138,8,1.0
9xc35LbeeUE_023,9xc35LbeeUE,Tight Ends,TE,1089,494.47,,493.4596,191,33.325,4.76,,0.0186,True,143,10,1.0
9xc35LbeeUE_024,9xc35LbeeUE,Tight Ends,TE,1089,522.66,,521.6545,185,33.43,4.55,,0.0195,True,136,11,1.0
9xc35LbeeUE_025,9xc35LbeeUE,Tight Ends,TE,1089,536.785,,535.7686,196,33.823,4.94,,0.0103,True,147,12,1.0
9xc35LbeeUE_026,9xc35LbeeUE,Tight Ends,TE,1089,562.6,,561.5944,187,33.241,4.63,,0.0144,True,138,14,1.0
9xc35LbeeUE_027,9xc35LbeeUE,Tight Ends,TE,1089,579.78,,578.7782,190,33.384,4.71,,0.0126,True,141,15,1.0
9xc35LbeeUE_028,9xc35LbeeUE,Tight Ends,TE,1089,589.1,,588.0875,184,33.796,4.54,,0.0166,True,135,16,0.962
9xc35LbeeUE_029,9xc35LbeeUE,Tight Ends,TE,1089,603.61,,602.602,190,33.695,4.71,,0.0155,True,142,18,1.0
9xc35LbeeUE_030,9xc35LbeeUE,Tight Ends,TE,1089,617.97,,616.9497,187,34.021,4.63,,0.0133,True,138,19,1.0
9xc35LbeeUE_031,9xc35LbeeUE,Tight Ends,TE,1089,630.78,,629.7625,192,33.639,4.78,,0.012,True,143,21,1.0
9xc35LbeeUE_032,9xc35LbeeUE,Tight Ends,TE,1089,642.2,,641.1739,180,33.922,4.4,,0.0174,True,132,23,1.0
9xc35LbeeUE_033,9xc35LbeeUE,Tight Ends,TE,1089,683.62,,682.6153,187,33.437,4.64,,0.0122,True,139,24,1.0
BEFga72DF3U_000,BEFga72DF3U,Wide Receivers Group 2,WR,1022,31.55,,30.5305,181,33.795,4.42,,0.0112,True,132,24,1.0
BEFga72DF3U_001,BEFga72DF3U,Wide Receivers Group 2,WR,1022,53.67,,52.6526,186,33.903,4.59,,0.0169,True,137,25,1.0
BEFga72DF3U_002,BEFga72DF3U,Wide Receivers Group 2,WR,1022,77.02,,76.0093,179,33.393,4.34,,0.0115,True,130,26,1.0
BEFga72DF3U_003,BEFga72DF3U,Wide Receivers Group 2,WR,1022,109.05,,108.0413,183,33.214,4.48,,0.0112,True,134,27,1.0
BEFga72DF3U_004,BEFga72DF3U,Wide Receivers Group 2,WR,1022,144.04500000000002,,143.0429,182,33.167,4.46,,0.0117,True,133,28,1.0
BEFga72DF3U_005,BEFga72DF3U,Wide Receivers Group 2,WR,1022,158.93,,157.9244,179,33.324,4.37,,0.0113,True,131,32,1.0
BEFga72DF3U_006,BEFga72DF3U,Wide Receivers Group 2,WR,1022,176.79,,175.7756,188,33.508,4.65,,0.0112,True,139,33,1.0
BEFga72DF3U_007,BEFga72DF3U,Wide Receivers Group 2,WR,1022,187.63,,186.6198,180,33.617,4.39,,0.0117,True,131,35,1.0
BEFga72DF3U_008,BEFga72DF3U,Wide Receivers Group 2,WR,1022,213.515,,212.5123,181,33.208,4.41,,0.0156,True,132,36,1.0
BEFga72DF3U_009,BEFga72DF3U,Wide Receivers Group 2,WR,1022,247.24,,246.2126,185,34.011,4.54,,0.0135,True,136,37,1.0
BEFga72DF3U_010,BEFga72DF3U,Wide Receivers Group 2,WR,1022,279.36,,278.3447,177,32.576,4.28,,0.0114,True,128,38,1.0
BEFga72DF3U_011,BEFga72DF3U,Wide Receivers Group 2,WR,1022,326.77,,325.7588,176,33.407,4.26,,0.0113,True,127,39,1.0
BEFga72DF3U_012,BEFga72DF3U,Wide Receivers Group 2,WR,1022,436.99,,435.9689,181,33.965,4.42,,0.0142,True,132,45,1.0
BEFga72DF3U_013,BEFga72DF3U,Wide Receivers Group 2,WR,1088,474.58,,473.5731,183,33.419,4.48,,0.0131,True,134,24,1.0
BEFga72DF3U_014,BEFga72DF3U,Wide Receivers Group 2,WR,1088,501.44,,500.4333,185,33.53,4.55,,0.0117,True,136,25,1.0
BEFga72DF3U_015,BEFga72DF3U,Wide Receivers Group 2,WR,1088,525.57,,524.5574,180,33.476,4.39,,0.0124,True,131,26,1.0
BEFga72DF3U_016,BEFga72DF3U,Wide Receivers Group 2,WR,1088,543.75,,542.7422,182,33.173,4.47,,0.0114,True,133,27,1.0
BEFga72DF3U_017,BEFga72DF3U,Wide Receivers Group 2,WR,1088,582.73,,581.7145,183,33.775,4.5,,0.0114,True,134,28,1.0
BEFga72DF3U_018,BEFga72DF3U,Wide Receivers Group 2,WR,1088,593.48,,592.4585,179,33.7,4.36,,0.0104,True,130,32,1.0
BEFga72DF3U_019,BEFga72DF3U,Wide Receivers Group 2,WR,1088,604.38,,603.3694,188,33.603,4.66,,0.0211,False,144,33,0.963
BEFga72DF3U_020,BEFga72DF3U,Wide Receivers Group 2,WR,1088,618.04,,617.0164,179,34.042,4.37,,0.0108,True,131,35,1.0
BEFga72DF3U_021,BEFga72DF3U,Wide Receivers Group 2,WR,1088,646.15,,645.1445,181,33.406,4.41,,0.017,True,132,36,1.0
BEFga72DF3U_022,BEFga72DF3U,Wide Receivers Group 2,WR,1088,720.72,,719.719,177,33.461,4.3,,0.018,True,129,39,1.0
BEFga72DF3U_023,BEFga72DF3U,Wide Receivers Group 2,WR,1088,768.245,,767.2331,185,33.623,4.57,,0.0131,True,137,41,1.0
BEFga72DF3U_024,BEFga72DF3U,Wide Receivers Group 2,WR,1088,798.85,,797.8304,185,33.778,4.55,,0.0119,True,135,42,1.0
BEFga72DF3U_025,BEFga72DF3U,Wide Receivers Group 2,WR,1088,835.28,,834.2668,186,33.65,4.58,,0.0132,True,137,43,1.0
BEFga72DF3U_026,BEFga72DF3U,Wide Receivers Group 2,WR,1088,854.815,,853.7863,183,34.205,4.48,,0.0164,True,134,44,0.967
BEFga72DF3U_027,BEFga72DF3U,Wide Receivers Group 2,WR,1088,890.92,,889.889,181,34.1,4.42,,0.0108,True,132,45,1.0
BEFga72DF3U_028,BEFga72DF3U,Wide Receivers Group 2,WR,1022,984.58,,983.5492,185,34.406,4.56,,0.0112,True,136,15,1.0
BEFga72DF3U_029,BEFga72DF3U,Wide Receivers Group 2,WR,1088,1065.0549999999998,,1064.0296,185,33.051,4.57,,0.0149,True,136,15,1.0
LDqozfzjaNU_000,LDqozfzjaNU,Edge Rushers,EDGE,1088,4.5,1.66,3.4701,194,34.129,4.85,1.66,0.0134,True,145,30,1.0
LDqozfzjaNU_001,LDqozfzjaNU,Edge Rushers,EDGE,1088,35.22,1.62,34.2008,184,33.799,4.51,1.62,0.0146,True,135,31,1.0
LDqozfzjaNU_002,LDqozfzjaNU,Edge Rushers,EDGE,1088,74.3,1.61,73.2732,188,33.724,4.65,1.61,0.0114,True,139,33,0.885
LDqozfzjaNU_003,LDqozfzjaNU,Edge Rushers,EDGE,1088,101.1,1.64,100.1,187,33.33,4.64,1.64,0.0108,True,139,36,1.0
LDqozfzjaNU_004,LDqozfzjaNU,Edge Rushers,EDGE,1088,131.18,1.7,130.1634,189,33.784,4.7,1.7,0.0178,True,141,39,1.0
LDqozfzjaNU_005,LDqozfzjaNU,Edge Rushers,EDGE,1088,145.86,1.64,144.8447,188,33.579,4.64,1.64,0.0114,True,139,40,1.0
LDqozfzjaNU_006,LDqozfzjaNU,Edge Rushers,EDGE,1088,161.05,1.59,160.0265,186,33.811,4.6,1.59,0.0166,True,137,41,0.995
LDqozfzjaNU_007,LDqozfzjaNU,Edge Rushers,EDGE,1088,192.51,1.73,191.4913,190,33.524,4.74,1.73,0.0129,True,142,43,1.0
LDqozfzjaNU_008,LDqozfzjaNU,Edge Rushers,EDGE,1088,209.34,1.69,208.3081,190,34.048,4.74,1.69,0.0121,True,141,45,1.0
LDqozfzjaNU_009,LDqozfzjaNU,Edge Rushers,EDGE,1088,225.57,1.7,224.5577,196,33.227,4.91,1.7,0.0125,True,147,47,1.0
LDqozfzjaNU_010,LDqozfzjaNU,Edge Rushers,EDGE,1088,237.36,1.58,236.3361,184,34.054,4.53,1.58,0.0119,True,135,48,1.0
LDqozfzjaNU_011,LDqozfzjaNU,Edge Rushers,EDGE,1088,250.81,1.67,249.7829,194,34.113,4.85,1.67,0.0104,True,145,49,1.0
LDqozfzjaNU_012,LDqozfzjaNU,Edge Rushers,EDGE,1088,262.87,1.6,261.8616,185,33.257,4.55,1.6,0.018,True,136,53,1.0
LDqozfzjaNU_013,LDqozfzjaNU,Edge Rushers,EDGE,1088,284.78,1.71,283.7501,196,34.298,4.91,1.71,0.0119,True,147,54,1.0
LDqozfzjaNU_014,LDqozfzjaNU,Edge Rushers,EDGE,1088,311.17,1.62,310.1432,189,34.001,4.68,1.62,0.0108,True,139,55,1.0
LDqozfzjaNU_015,LDqozfzjaNU,Edge Rushers,EDGE,1088,344.83,1.61,343.8101,192,33.817,4.79,1.61,0.0119,True,143,58,1.0
LDqozfzjaNU_016,LDqozfzjaNU,Edge Rushers,EDGE,1088,360.84,1.64,359.8261,188,33.543,4.67,1.64,0.0129,True,140,60,1.0
LDqozfzjaNU_017,LDqozfzjaNU,Edge Rushers,EDGE,1088,385.47,1.64,384.4507,190,33.941,4.74,1.64,0.0115,True,141,61,1.0
LDqozfzjaNU_018,LDqozfzjaNU,Edge Rushers,EDGE,1088,411.08,,410.0763,194,33.226,4.85,,0.0169,True,146,30,1.0
LDqozfzjaNU_019,LDqozfzjaNU,Edge Rushers,EDGE,1088,445.23,,444.2104,185,33.674,4.54,,0.0115,True,135,31,1.0
LDqozfzjaNU_020,LDqozfzjaNU,Edge Rushers,EDGE,1088,482.93,,481.9148,188,33.799,4.65,,0.0191,True,139,36,1.0
LDqozfzjaNU_021,LDqozfzjaNU,Edge Rushers,EDGE,1088,495.345,,494.3272,188,33.633,4.66,,0.0138,False,147,39,0.952
LDqozfzjaNU_022,LDqozfzjaNU,Edge Rushers,EDGE,1088,507.52,,506.506,188,33.482,4.65,,0.0196,True,139,40,0.872
LDqozfzjaNU_023,LDqozfzjaNU,Edge Rushers,EDGE,1088,516.6,,515.5817,186,33.816,4.6,,0.017,True,137,41,0.989
LDqozfzjaNU_024,LDqozfzjaNU,Edge Rushers,EDGE,1088,560.48,,559.4589,191,33.765,4.76,,0.0117,True,142,43,1.0
LDqozfzjaNU_025,LDqozfzjaNU,Edge Rushers,EDGE,1088,579.76,,578.7448,189,33.606,4.7,,0.0158,True,141,45,1.0
LDqozfzjaNU_026,LDqozfzjaNU,Edge Rushers,EDGE,1088,594.24,,593.226,184,33.535,4.53,,0.0108,True,136,48,1.0
LDqozfzjaNU_027,LDqozfzjaNU,Edge Rushers,EDGE,1088,617.69,,616.6827,193,33.659,4.81,,0.0113,True,144,49,1.0
LDqozfzjaNU_028,LDqozfzjaNU,Edge Rushers,EDGE,1088,642.98,,641.9747,185,33.223,4.54,,0.014,True,135,53,1.0
LDqozfzjaNU_029,LDqozfzjaNU,Edge Rushers,EDGE,1088,669.11,,668.1008,194,33.495,4.87,,0.011,True,146,54,1.0
LDqozfzjaNU_030,LDqozfzjaNU,Edge Rushers,EDGE,1088,694.89,,693.8598,190,34.107,4.73,,0.0108,True,141,55,1.0
LDqozfzjaNU_031,LDqozfzjaNU,Edge Rushers,EDGE,1088,721.9,,720.8868,194,33.534,4.84,,0.0138,True,145,58,1.0
LDqozfzjaNU_032,LDqozfzjaNU,Edge Rushers,EDGE,1088,745.21,,744.1768,191,34.298,4.74,,0.0148,True,141,60,1.0
LDqozfzjaNU_033,LDqozfzjaNU,Edge Rushers,EDGE,1088,770.83,,769.8024,192,34.194,4.78,,0.0173,True,143,61,1.0
Sr-Q6UjJq6g_000,Sr-Q6UjJq6g,Defensive Line,DT,1088,2.1100000000000003,1.79,1.1011,202,33.85,5.11,1.79,0.0177,True,152,1,1.0
Sr-Q6UjJq6g_001,Sr-Q6UjJq6g,Defensive Line,DT,1088,21.005,1.76,19.9866,200,32.888,5.05,1.76,0.0104,True,151,2,0.939
Sr-Q6UjJq6g_002,Sr-Q6UjJq6g,Defensive Line,DT,1088,39.49,1.7,38.4718,202,33.519,5.11,1.7,0.0118,True,153,3,1.0
Sr-Q6UjJq6g_003,Sr-Q6UjJq6g,Defensive Line,DT,1088,55.68,1.72,54.6546,194,32.926,4.85,1.72,0.0162,True,145,5,1.0
Sr-Q6UjJq6g_004,Sr-Q6UjJq6g,Defensive Line,DT,1088,67.31,1.78,66.2996,202,32.784,5.12,1.78,0.0178,True,153,6,0.965
Sr-Q6UjJq6g_005,Sr-Q6UjJq6g,Defensive Line,DT,1088,78.55,1.66,77.5441,191,33.208,4.76,1.66,0.0115,True,142,8,1.0
Sr-Q6UjJq6g_006,Sr-Q6UjJq6g,Defensive Line,DT,1088,90.99,1.78,89.9899,202,33.048,5.12,1.78,0.0107,True,106,9,0.896
Sr-Q6UjJq6g_007,Sr-Q6UjJq6g,Defensive Line,DT,1088,119.68,1.68,118.6519,195,34.186,4.88,1.68,0.0158,True,146,12,1.0
Sr-Q6UjJq6g_008,Sr-Q6UjJq6g,Defensive Line,DT,1088,135.88,1.7,134.8681,193,33.552,4.83,1.7,0.018,True,145,13,0.938
Sr-Q6UjJq6g_009,Sr-Q6UjJq6g,Defensive Line,DT,1088,165.33,1.82,164.2975,206,34.298,5.25,1.82,0.0117,True,157,15,1.0
Sr-Q6UjJq6g_010,Sr-Q6UjJq6g,Defensive Line,DT,1088,181.575,1.84,180.547,208,33.982,5.32,1.84,0.018,True,130,18,0.832
Sr-Q6UjJq6g_011,Sr-Q6UjJq6g,Defensive Line,DT,1088,218.33,1.69,217.3171,195,33.711,4.88,1.69,0.0105,True,146,19,1.0
Sr-Q6UjJq6g_012,Sr-Q6UjJq6g,Defensive Line,DT,1088,233.67,1.8,232.6658,200,33.422,5.05,1.8,0.0112,True,151,20,1.0
Sr-Q6UjJq6g_013,Sr-Q6UjJq6g,Defensive Line,DT,1088,246.22,1.69,245.2116,192,33.406,4.8,1.69,0.0133,True,144,25,1.0
Sr-Q6UjJq6g_014,Sr-Q6UjJq6g,Defensive Line,DT,1088,276.06,,275.0414,202,33.704,5.13,,0.0116,True,153,1,1.0
Sr-Q6UjJq6g_015,Sr-Q6UjJq6g,Defensive Line,DT,1088,316.16,,315.1482,202,33.751,5.13,,0.0161,True,153,2,1.0
Sr-Q6UjJq6g_016,Sr-Q6UjJq6g,Defensive Line,DT,1088,338.875,,337.8709,202,33.167,5.11,,0.0183,True,153,3,1.0
Sr-Q6UjJq6g_017,Sr-Q6UjJq6g,Defensive Line,DT,1088,351.31,,350.2833,194,34.223,4.86,,0.0107,True,145,5,1.0
Sr-Q6UjJq6g_018,Sr-Q6UjJq6g,Defensive Line,DT,1088,365.31,,364.2973,205,33.591,5.22,,0.012,True,156,6,1.0
Sr-Q6UjJq6g_019,Sr-Q6UjJq6g,Defensive Line,DT,1088,392.96500000000003,,391.9582,201,33.322,5.09,,0.011,True,152,9,1.0
Sr-Q6UjJq6g_020,Sr-Q6UjJq6g,Defensive Line,DT,1088,407.69,,406.6729,195,33.366,4.9,,0.0124,True,146,12,1.0
Sr-Q6UjJq6g_021,Sr-Q6UjJq6g,Defensive Line,DT,1088,428.29,,427.2602,194,34.027,4.86,,0.0166,True,146,13,1.0
Sr-Q6UjJq6g_022,Sr-Q6UjJq6g,Defensive Line,DT,1088,439.33,,438.3045,204,32.809,5.18,,4.8387,False,164,15,0.941
Sr-Q6UjJq6g_023,Sr-Q6UjJq6g,Defensive Line,DT,1088,449.39,,448.3813,196,33.615,4.92,,0.0123,True,147,19,0.964
Sr-Q6UjJq6g_024,Sr-Q6UjJq6g,Defensive Line,DT,1088,464.9,,463.8968,201,32.321,5.08,,0.0118,True,152,20,1.0
Sr-Q6UjJq6g_025,Sr-Q6UjJq6g,Defensive Line,DT,1088,485.82,,484.8177,193,33.325,4.84,,0.0174,True,145,25,1.0
UcatZ1FYe5E_000,UcatZ1FYe5E,Safeties,SAF,1022,5.15,,4.1375,183,33.408,4.48,,0.0153,True,90,33,1.0
UcatZ1FYe5E_001,UcatZ1FYe5E,Safeties,SAF,1022,32.5,,31.4981,185,33.12,4.56,,0.0165,True,137,35,1.0
UcatZ1FYe5E_002,UcatZ1FYe5E,Safeties,SAF,1022,46.27,,45.2452,185,33.917,4.54,,0.0169,True,136,36,1.0
UcatZ1FYe5E_003,UcatZ1FYe5E,Safeties,SAF,1022,63.65,,62.6292,181,33.941,4.41,,0.0121,True,131,38,1.0
UcatZ1FYe5E_004,UcatZ1FYe5E,Safeties,SAF,1022,87.1,,86.086,181,33.73,4.42,,0.0148,True,132,39,1.0
UcatZ1FYe5E_005,UcatZ1FYe5E,Safeties,SAF,1022,102.6,,101.5681,185,34.228,4.55,,0.0112,True,136,40,1.0
UcatZ1FYe5E_006,UcatZ1FYe5E,Safeties,SAF,1022,129.99,,128.9622,183,34.013,4.48,,0.0115,True,134,43,1.0
UcatZ1FYe5E_007,UcatZ1FYe5E,Safeties,SAF,1022,149.59,,148.5818,181,33.588,4.41,,0.0109,True,131,44,1.0
UcatZ1FYe5E_008,UcatZ1FYe5E,Safeties,SAF,1022,189.59,,188.5884,182,33.015,4.47,,0.0115,True,133,45,1.0
UcatZ1FYe5E_009,UcatZ1FYe5E,Safeties,SAF,1022,213.4,,212.3788,178,32.834,4.32,,0.0119,True,129,48,1.0
UcatZ1FYe5E_010,UcatZ1FYe5E,Safeties,SAF,1022,252.57,,251.5513,179,33.831,4.34,,0.0144,True,129,49,1.0
UcatZ1FYe5E_011,UcatZ1FYe5E,Safeties,SAF,1022,284.67,,283.65,177,33.805,4.28,,0.0125,True,127,50,1.0
UcatZ1FYe5E_012,UcatZ1FYe5E,Safeties,SAF,1022,338.995,,337.971,183,33.977,4.5,,0.0156,True,134,51,1.0
UcatZ1FYe5E_013,UcatZ1FYe5E,Safeties,SAF,1088,379.945,,378.9119,181,34.161,4.44,,0.0107,True,129,33,1.0
UcatZ1FYe5E_014,UcatZ1FYe5E,Safeties,SAF,1088,393.125,,392.0917,185,33.063,4.57,,0.0118,True,136,35,1.0
UcatZ1FYe5E_015,UcatZ1FYe5E,Safeties,SAF,1088,405.745,,404.7377,184,33.416,4.53,,0.0129,True,136,36,1.0
UcatZ1FYe5E_016,UcatZ1FYe5E,Safeties,SAF,1088,417.235,,416.2158,182,33.82,4.45,,0.0108,True,132,38,0.978
UcatZ1FYe5E_017,UcatZ1FYe5E,Safeties,SAF,1088,430.81,,429.796,180,33.489,4.4,,0.0122,True,132,39,1.0
UcatZ1FYe5E_018,UcatZ1FYe5E,Safeties,SAF,1088,443.0,,441.9749,184,33.616,4.53,,0.0167,True,136,40,1.0
UcatZ1FYe5E_019,UcatZ1FYe5E,Safeties,SAF,1088,453.825,,452.819,183,33.546,4.49,,0.0113,True,135,43,1.0
UcatZ1FYe5E_020,UcatZ1FYe5E,Safeties,SAF,1088,467.21,,466.1991,181,33.458,4.42,,0.0118,True,132,44,1.0
UcatZ1FYe5E_021,UcatZ1FYe5E,Safeties,SAF,1088,486.855,,485.852,177,33.519,4.28,,0.0121,True,129,50,1.0
UcatZ1FYe5E_022,UcatZ1FYe5E,Safeties,SAF,1088,525.02,,523.9901,185,34.03,4.55,,0.0163,True,136,51,1.0
W23Nvg3rw6U_000,W23Nvg3rw6U,Offensive Lineman Group 1,OT|G|C,1088,45.89,1.77,44.8782,202,33.452,5.12,1.77,0.0193,True,152,2,1.0
W23Nvg3rw6U_001,W23Nvg3rw6U,Offensive Lineman Group 1,OT|G|C,1088,67.595,1.82,66.5665,206,34.2,5.27,1.82,0.0123,True,157,3,1.0
W23Nvg3rw6U_002,W23Nvg3rw6U,Offensive Lineman Group 1,OT|G|C,1088,80.96,1.89,79.9465,213,32.731,5.5,1.89,0.0112,True,164,4,1.0
W23Nvg3rw6U_003,W23Nvg3rw6U,Offensive Lineman Group 1,OT|G|C,1088,103.05,1.77,102.0353,199,34.024,5.03,1.77,0.0162,True,150,5,0.918
W23Nvg3rw6U_004,W23Nvg3rw6U,Offensive Lineman Group 1,OT|G|C,1088,144.84,1.78,143.8103,202,34.022,5.12,1.78,0.0118,True,153,6,1.0
W23Nvg3rw6U_005,W23Nvg3rw6U,Offensive Lineman Group 1,OT|G|C,1088,164.96,1.73,163.9304,199,34.238,5.02,1.73,0.0127,True,150,7,1.0
W23Nvg3rw6U_006,W23Nvg3rw6U,Offensive Lineman Group 1,OT|G|C,1088,176.32,1.8,175.3085,204,33.473,5.18,1.8,0.0132,True,156,9,1.0
W23Nvg3rw6U_007,W23Nvg3rw6U,Offensive Lineman Group 1,OT|G|C,1088,188.6,1.78,187.5874,197,33.588,4.96,1.78,0.0105,True,149,10,1.0
W23Nvg3rw6U_008,W23Nvg3rw6U,Offensive Lineman Group 1,OT|G|C,1088,201.1,1.75,200.0999,200,33.432,5.07,1.75,0.0206,True,151,11,1.0
W23Nvg3rw6U_009,W23Nvg3rw6U,Offensive Lineman Group 1,OT|G|C,1088,211.595,1.86,210.577,205,33.609,5.22,1.86,0.017,True,156,12,0.946
W23Nvg3rw6U_010,W23Nvg3rw6U,Offensive Lineman Group 1,OT|G|C,1088,222.83,1.85,221.8216,205,33.387,5.21,1.85,0.012,True,156,13,0.873
W23Nvg3rw6U_011,W23Nvg3rw6U,Offensive Lineman Group 1,OT|G|C,1088,243.475,1.8,242.4422,203,34.084,5.16,1.8,0.0117,True,154,16,1.0
W23Nvg3rw6U_012,W23Nvg3rw6U,Offensive Lineman Group 1,OT|G|C,1088,276.98,1.75,275.9757,197,32.186,4.95,1.75,0.0115,True,148,17,1.0
W23Nvg3rw6U_013,W23Nvg3rw6U,Offensive Lineman Group 1,OT|G|C,1088,293.085,1.79,292.0584,203,33.76,5.16,1.79,0.0116,True,154,18,1.0
W23Nvg3rw6U_014,W23Nvg3rw6U,Offensive Lineman Group 1,OT|G|C,1088,339.18,1.86,338.1712,209,33.271,5.37,1.86,0.0189,True,161,19,1.0
W23Nvg3rw6U_015,W23Nvg3rw6U,Offensive Lineman Group 1,OT|G|C,1088,363.7,1.84,362.6957,204,32.403,5.19,1.84,0.017,True,154,20,1.0
W23Nvg3rw6U_016,W23Nvg3rw6U,Offensive Lineman Group 1,OT|G|C,1088,392.8,1.73,391.7914,196,33.541,4.91,1.73,0.0122,True,85,22,1.0
W23Nvg3rw6U_017,W23Nvg3rw6U,Offensive Lineman Group 1,OT|G|C,1088,424.03,1.76,423.0226,196,32.363,4.93,1.76,0.0133,True,147,23,1.0
W23Nvg3rw6U_018,W23Nvg3rw6U,Offensive Lineman Group 1,OT|G|C,1088,443.81,1.72,442.809,197,33.17,4.95,1.72,0.0117,True,148,24,1.0
W23Nvg3rw6U_019,W23Nvg3rw6U,Offensive Lineman Group 1,OT|G|C,1088,477.245,1.74,476.2424,201,33.116,5.1,1.74,0.0157,True,152,27,1.0
W23Nvg3rw6U_020,W23Nvg3rw6U,Offensive Lineman Group 1,OT|G|C,1088,502.54,1.84,501.5344,201,33.476,5.09,1.84,0.0128,True,151,28,1.0
W23Nvg3rw6U_021,W23Nvg3rw6U,Offensive Lineman Group 1,OT|G|C,1088,580.79,,579.7792,202,33.591,5.12,,0.012,True,154,2,1.0
W23Nvg3rw6U_022,W23Nvg3rw6U,Offensive Lineman Group 1,OT|G|C,1088,595.2,,594.1936,206,32.277,5.25,,0.0112,True,157,3,1.0
W23Nvg3rw6U_023,W23Nvg3rw6U,Offensive Lineman Group 1,OT|G|C,1088,607.15,,606.1389,209,33.306,5.36,,0.0114,True,160,4,1.0
W23Nvg3rw6U_024,W23Nvg3rw6U,Offensive Lineman Group 1,OT|G|C,1088,618.765,,617.7505,199,33.827,5.03,,0.0113,True,150,5,0.957
W23Nvg3rw6U_025,W23Nvg3rw6U,Offensive Lineman Group 1,OT|G|C,1088,641.67,,640.64,201,33.942,5.08,,0.0112,True,151,6,1.0
W23Nvg3rw6U_026,W23Nvg3rw6U,Offensive Lineman Group 1,OT|G|C,1088,688.41,,687.3867,197,33.019,4.96,,0.0115,True,148,7,1.0
W23Nvg3rw6U_027,W23Nvg3rw6U,Offensive Lineman Group 1,OT|G|C,1088,724.39,,723.3893,204,32.939,5.19,,0.0169,True,155,9,1.0
W23Nvg3rw6U_028,W23Nvg3rw6U,Offensive Lineman Group 1,OT|G|C,1088,738.31,,737.3032,196,33.52,4.94,,0.0109,True,148,10,1.0
W23Nvg3rw6U_029,W23Nvg3rw6U,Offensive Lineman Group 1,OT|G|C,1088,750.96,,749.9492,199,33.458,5.02,,0.0158,True,150,11,1.0
W23Nvg3rw6U_030,W23Nvg3rw6U,Offensive Lineman Group 1,OT|G|C,1088,762.41,,761.394,205,33.772,5.23,,0.0179,True,157,12,1.0
W23Nvg3rw6U_031,W23Nvg3rw6U,Offensive Lineman Group 1,OT|G|C,1088,774.7,,773.6729,208,33.852,5.31,,0.0111,True,158,13,1.0
W23Nvg3rw6U_032,W23Nvg3rw6U,Offensive Lineman Group 1,OT|G|C,1088,795.68,,794.6605,203,33.656,5.15,,0.012,True,154,16,1.0
W23Nvg3rw6U_033,W23Nvg3rw6U,Offensive Lineman Group 1,OT|G|C,1088,807.91,,806.9061,197,33.015,4.96,,0.0134,True,148,17,0.913
W23Nvg3rw6U_034,W23Nvg3rw6U,Offensive Lineman Group 1,OT|G|C,1088,840.43,,839.4052,210,33.8,5.38,,0.0106,True,160,19,1.0
W23Nvg3rw6U_035,W23Nvg3rw6U,Offensive Lineman Group 1,OT|G|C,1088,867.18,,866.1653,205,33.649,5.22,,0.0116,True,156,20,1.0
W23Nvg3rw6U_036,W23Nvg3rw6U,Offensive Lineman Group 1,OT|G|C,1088,890.0,,888.9881,196,33.292,4.93,,0.0178,True,147,22,1.0
W23Nvg3rw6U_037,W23Nvg3rw6U,Offensive Lineman Group 1,OT|G|C,1088,922.34,,921.3204,196,33.953,4.93,,0.0111,True,147,24,1.0
W23Nvg3rw6U_038,W23Nvg3rw6U,Offensive Lineman Group 1,OT|G|C,1088,955.78,,954.7538,203,33.801,5.15,,0.0111,True,145,27,1.0
W23Nvg3rw6U_039,W23Nvg3rw6U,Offensive Lineman Group 1,OT|G|C,1088,972.89,,971.8709,201,32.809,5.09,,0.0123,True,152,28,1.0
f9RAoGpGkIY_000,f9RAoGpGkIY,Offensive Lineman Group 2,OT|G|C,1088,37.995000000000005,1.74,36.9703,197,33.843,4.94,1.74,0.0167,True,149,31,1.0
f9RAoGpGkIY_001,f9RAoGpGkIY,Offensive Lineman Group 2,OT|G|C,1088,64.8,1.75,63.7971,198,33.464,5.0,1.75,0.0117,True,150,33,1.0
f9RAoGpGkIY_002,f9RAoGpGkIY,Offensive Lineman Group 2,OT|G|C,1088,89.28,1.77,88.2548,201,33.919,5.09,1.77,0.0132,True,152,35,1.0
f9RAoGpGkIY_003,f9RAoGpGkIY,Offensive Lineman Group 2,OT|G|C,1088,104.39,1.73,103.3699,201,33.854,5.1,1.73,0.0127,True,152,36,1.0
f9RAoGpGkIY_004,f9RAoGpGkIY,Offensive Lineman Group 2,OT|G|C,1088,142.96,1.78,141.9418,202,33.728,5.14,1.78,0.0188,True,154,38,1.0
f9RAoGpGkIY_005,f9RAoGpGkIY,Offensive Lineman Group 2,OT|G|C,1088,166.93,1.82,165.8991,204,34.147,5.19,1.82,0.0126,True,155,39,1.0
f9RAoGpGkIY_006,f9RAoGpGkIY,Offensive Lineman Group 2,OT|G|C,1088,212.35,1.82,211.3445,205,33.436,5.22,1.82,0.0136,True,156,40,1.0
f9RAoGpGkIY_007,f9RAoGpGkIY,Offensive Lineman Group 2,OT|G|C,1088,251.905,1.84,250.884,205,33.933,5.22,1.84,0.0151,True,156,41,1.0
f9RAoGpGkIY_008,f9RAoGpGkIY,Offensive Lineman Group 2,OT|G|C,1088,264.6,1.85,263.5967,207,33.527,5.29,1.85,0.0132,True,158,42,1.0
f9RAoGpGkIY_009,f9RAoGpGkIY,Offensive Lineman Group 2,OT|G|C,1088,277.55,1.81,276.5429,200,33.428,5.06,1.81,0.0127,True,151,44,1.0
f9RAoGpGkIY_010,f9RAoGpGkIY,Offensive Lineman Group 2,OT|G|C,1088,289.12,1.8,288.0878,203,33.971,5.17,1.8,0.011,True,154,46,1.0
f9RAoGpGkIY_011,f9RAoGpGkIY,Offensive Lineman Group 2,OT|G|C,1088,301.9,1.78,300.8672,202,34.274,5.14,1.78,0.014,True,154,47,1.0
f9RAoGpGkIY_012,f9RAoGpGkIY,Offensive Lineman Group 2,OT|G|C,1088,313.14,1.82,312.1118,209,34.021,5.36,1.82,0.018,True,160,48,0.981
f9RAoGpGkIY_013,f9RAoGpGkIY,Offensive Lineman Group 2,OT|G|C,1088,324.58,1.84,323.5566,205,32.941,5.24,1.84,0.0172,True,157,49,0.966
f9RAoGpGkIY_014,f9RAoGpGkIY,Offensive Lineman Group 2,OT|G|C,1088,339.18,1.74,338.1712,199,33.501,5.04,1.74,0.026,True,151,52,1.0
f9RAoGpGkIY_015,f9RAoGpGkIY,Offensive Lineman Group 2,OT|G|C,1088,364.55,1.79,363.5298,200,32.728,5.05,1.79,0.0109,True,150,53,1.0
f9RAoGpGkIY_016,f9RAoGpGkIY,Offensive Lineman Group 2,OT|G|C,1088,402.79,,401.768,196,33.799,4.91,,0.0127,True,147,31,1.0
f9RAoGpGkIY_017,f9RAoGpGkIY,Offensive Lineman Group 2,OT|G|C,1088,427.33,,426.3259,199,33.414,5.01,,0.011,True,150,33,1.0
f9RAoGpGkIY_018,f9RAoGpGkIY,Offensive Lineman Group 2,OT|G|C,1088,439.9,,438.8718,199,33.001,5.04,,0.0177,True,151,35,1.0
f9RAoGpGkIY_019,f9RAoGpGkIY,Offensive Lineman Group 2,OT|G|C,1088,460.56,,459.5591,201,33.143,5.1,,0.0141,True,152,36,1.0
f9RAoGpGkIY_020,f9RAoGpGkIY,Offensive Lineman Group 2,OT|G|C,1088,485.89,,484.8844,204,33.425,5.2,,0.0158,True,156,38,1.0
f9RAoGpGkIY_021,f9RAoGpGkIY,Offensive Lineman Group 2,OT|G|C,1088,499.29,,498.2644,203,33.92,5.15,,0.0175,True,153,39,1.0
f9RAoGpGkIY_022,f9RAoGpGkIY,Offensive Lineman Group 2,OT|G|C,1088,531.53,,530.4966,206,33.416,5.25,,0.0117,True,157,41,1.0
f9RAoGpGkIY_023,f9RAoGpGkIY,Offensive Lineman Group 2,OT|G|C,1088,571.03,,570.0028,207,34.257,5.29,,0.0149,True,158,42,1.0
f9RAoGpGkIY_024,f9RAoGpGkIY,Offensive Lineman Group 2,OT|G|C,1088,585.64,,584.6174,200,34.15,5.06,,0.0122,True,151,44,1.0
f9RAoGpGkIY_025,f9RAoGpGkIY,Offensive Lineman Group 2,OT|G|C,1088,597.73,,596.7295,201,33.295,5.1,,0.0115,True,152,47,1.0
f9RAoGpGkIY_026,f9RAoGpGkIY,Offensive Lineman Group 2,OT|G|C,1088,609.1,,608.0741,209,33.9,5.37,,0.0111,True,160,48,1.0
f9RAoGpGkIY_027,f9RAoGpGkIY,Offensive Lineman Group 2,OT|G|C,1088,620.585,,619.5523,204,34.205,5.19,,0.0133,True,155,49,0.941
f9RAoGpGkIY_028,f9RAoGpGkIY,Offensive Lineman Group 2,OT|G|C,1088,632.81,,631.7978,199,33.707,5.02,,0.0131,True,150,52,1.0
f9RAoGpGkIY_029,f9RAoGpGkIY,Offensive Lineman Group 2,OT|G|C,1088,650.75,,649.7491,199,33.322,5.02,,0.0127,True,150,53,1.0
g__zmhX838U_000,g__zmhX838U,Running Backs,RB,1022,16.63,,15.6156,180,33.9,4.38,,0.0148,True,130,3,1.0
g__zmhX838U_001,g__zmhX838U,Running Backs,RB,1022,42.32,,41.3079,182,33.527,4.47,,0.0111,True,134,7,1.0
g__zmhX838U_002,g__zmhX838U,Running Backs,RB,1022,58.96,,57.9579,185,33.136,4.55,,0.0111,True,136,9,1.0
g__zmhX838U_003,g__zmhX838U,Running Backs,RB,1022,87.55,,86.5198,186,33.941,4.6,,0.0131,True,137,10,1.0
g__zmhX838U_004,g__zmhX838U,Running Backs,RB,1022,111.43,,110.4103,179,33.686,4.37,,0.015,True,131,11,1.0
g__zmhX838U_005,g__zmhX838U,Running Backs,RB,1022,150.08,,149.0489,183,34.412,4.5,,0.0113,True,134,12,1.0
g__zmhX838U_006,g__zmhX838U,Running Backs,RB,1022,168.2,,167.167,181,34.072,4.43,,0.0115,True,132,13,1.0
g__zmhX838U_007,g__zmhX838U,Running Backs,RB,1022,179.37,,178.3448,183,33.928,4.5,,0.0129,True,134,15,1.0
g__zmhX838U_008,g__zmhX838U,Running Backs,RB,1022,212.43,,211.4112,184,33.689,4.51,,0.0111,True,134,16,1.0
g__zmhX838U_009,g__zmhX838U,Running Backs,RB,1088,242.5,,241.4746,179,33.778,4.37,,0.0141,True,131,3,1.0
g__zmhX838U_010,g__zmhX838U,Running Backs,RB,1088,254.255,,253.253,182,33.459,4.45,,0.0182,True,132,7,1.0
g__zmhX838U_011,g__zmhX838U,Running Backs,RB,1088,265.52,,264.4976,184,34.022,4.53,,0.0131,True,135,9,1.0
g__zmhX838U_012,g__zmhX838U,Running Backs,RB,1088,275.88,,274.8746,185,33.143,4.57,,4.5947,False,144,10,0.951
g__zmhX838U_013,g__zmhX838U,Running Backs,RB,1088,286.44,,285.4185,179,34.003,4.36,,0.0191,True,130,11,0.904
g__zmhX838U_014,g__zmhX838U,Running Backs,RB,1088,295.47,,294.4608,184,33.482,4.54,,5.2269,False,151,12,0.942
g__zmhX838U_015,g__zmhX838U,Running Backs,RB,1088,315.55,,314.5476,182,33.381,4.46,,0.0174,True,134,13,1.0
g__zmhX838U_016,g__zmhX838U,Running Backs,RB,1088,357.765,,356.7564,184,33.113,4.51,,0.0199,True,135,15,1.0
g__zmhX838U_017,g__zmhX838U,Running Backs,RB,1088,402.21500000000003,,401.2008,184,33.727,4.51,,0.011,True,134,16,1.0
olzS7RidilY_000,olzS7RidilY,Linebackers,LB,1022,24.765,,23.7571,182,33.191,4.47,,0.0191,True,133,6,1.0
olzS7RidilY_001,olzS7RidilY,Linebackers,LB,1022,41.875,,40.8742,186,33.036,4.6,,0.0152,True,138,10,1.0
olzS7RidilY_002,olzS7RidilY,Linebackers,LB,1022,61.45,,60.427,187,33.724,4.62,,0.0144,True,139,11,1.0
olzS7RidilY_003,olzS7RidilY,Linebackers,LB,1022,84.68,,83.6502,186,34.393,4.59,,0.0114,True,102,12,1.0
olzS7RidilY_004,olzS7RidilY,Linebackers,LB,1022,108.18,,107.1737,186,32.325,4.58,,0.0175,True,137,13,1.0
olzS7RidilY_005,olzS7RidilY,Linebackers,LB,1022,120.275,,119.2525,186,34.135,4.6,,0.0114,True,137,14,0.866
olzS7RidilY_006,olzS7RidilY,Linebackers,LB,1022,133.175,,132.1654,185,33.501,4.57,,0.0129,True,137,16,1.0
olzS7RidilY_007,olzS7RidilY,Linebackers,LB,1022,150.01,,148.9822,184,33.962,4.54,,0.0135,True,135,18,1.0
olzS7RidilY_008,olzS7RidilY,Linebackers,LB,1022,170.33,,169.3025,184,34.17,4.53,,0.0115,True,136,20,1.0
olzS7RidilY_009,olzS7RidilY,Linebackers,LB,1022,205.26,,204.2374,187,33.992,4.61,,0.0189,True,138,21,1.0
olzS7RidilY_010,olzS7RidilY,Linebackers,LB,1022,225.445,,224.4242,186,33.725,4.58,,0.0117,True,137,23,1.0
olzS7RidilY_011,olzS7RidilY,Linebackers,LB,1022,246.99,,245.9791,187,33.535,4.64,,0.0108,True,139,24,1.0
olzS7RidilY_012,olzS7RidilY,Linebackers,LB,1088,334.83,,333.8001,184,34.256,4.53,,0.0193,True,135,6,1.0
olzS7RidilY_013,olzS7RidilY,Linebackers,LB,1088,347.55,,346.5462,187,33.268,4.63,,0.018,True,138,10,1.0
olzS7RidilY_014,olzS7RidilY,Linebackers,LB,1088,359.96,,358.9586,187,32.284,4.63,,0.0114,True,138,11,1.0
olzS7RidilY_015,olzS7RidilY,Linebackers,LB,1088,372.59,,371.5712,184,33.819,4.52,,0.0128,True,134,12,1.0
olzS7RidilY_016,olzS7RidilY,Linebackers,LB,1088,384.29,,383.2829,186,33.497,4.58,,0.0109,True,137,13,1.0
olzS7RidilY_017,olzS7RidilY,Linebackers,LB,1088,393.37,,392.3586,186,33.295,4.58,,0.0117,True,114,14,0.779
olzS7RidilY_018,olzS7RidilY,Linebackers,LB,1088,433.62,,432.5988,185,33.918,4.54,,0.0117,True,135,16,1.0
olzS7RidilY_019,olzS7RidilY,Linebackers,LB,1088,459.59,,458.5581,185,33.912,4.55,,0.0116,True,136,18,1.0
olzS7RidilY_020,olzS7RidilY,Linebackers,LB,1088,485.49,,484.484,182,33.505,4.47,,0.013,True,134,20,1.0
olzS7RidilY_021,olzS7RidilY,Linebackers,LB,1088,534.73,,533.6998,186,34.221,4.58,,0.0133,True,137,21,1.0
olzS7RidilY_022,olzS7RidilY,Linebackers,LB,1088,578.13,,577.1099,185,33.626,4.57,,0.011,True,137,23,1.0
olzS7RidilY_023,olzS7RidilY,Linebackers,LB,1088,602.06,,601.0338,187,33.004,4.64,,0.02,True,139,24,1.0
