run_id,video_id,group,position,panel_pos,cls,athlete,bib,attempt,split,status,qc_reason,time_40yd,time_10yd,t_at_10yd,clip_ss,clip_frames,k0,clock_resid_p95,clock_coverage,bib_agree,panel_min_corr,max_cut,turf_min,turf_median,lane_frac,track_frac,start_support,x_at_zero,x_at_stop,max_step_yd,yardline_resid
-zgIolzsJxY_000,-zgIolzsJxY,Defensive Backs,CB,DB,SKILL,DB-2,2,1.0,test,ok,,4.51,,1.7253,7.9746,184,33.534,0.0113,0.9988,1.0,0.9999,0.0748,0.2325,0.6815,0.9635,1.0,33,-0.9474,39.8568,0.419,0.2345
-zgIolzsJxY_001,-zgIolzsJxY,Defensive Backs,CB,DB,SKILL,DB-5,5,1.0,train,ok,,4.41,,1.6898,52.9863,181,33.962,0.014,0.9912,1.0,0.9999,0.1438,0.2347,0.6801,0.9852,1.0,23,-1.2881,39.6584,0.423,0.1592
-zgIolzsJxY_002,-zgIolzsJxY,Defensive Backs,CB,DB,SKILL,DB-7,7,1.0,train,ok,,4.42,,1.6772,69.3693,181,33.311,0.0112,0.9965,1.0,0.9999,0.0756,0.2371,0.6808,0.9851,1.0,58,-1.1647,39.6077,0.418,0.144
-zgIolzsJxY_003,-zgIolzsJxY,Defensive Backs,CB,DB,SKILL,DB-9,9,1.0,test,ok,,4.38,,1.6495,83.9172,180,34.011,0.0112,0.9903,1.0,0.9999,0.0889,0.2342,0.6817,0.9699,1.0,32,-1.1869,39.6891,0.424,0.135
-zgIolzsJxY_004,-zgIolzsJxY,Defensive Backs,CB,DB,SKILL,DB-10,10,1.0,train,ok,,4.54,,1.7038,125.7923,185,33.65,0.0136,0.9922,1.0,0.9999,0.1366,0.2356,0.6824,0.971,1.0,55,-1.4155,39.6479,0.393,0.1261
-zgIolzsJxY_005,-zgIolzsJxY,Defensive Backs,CB,DB,SKILL,DB-12,12,1.0,train,ok,,4.59,,1.7388,151.4179,186,33.703,0.0119,1.0032,1.0,0.9999,0.1364,0.2368,0.68,0.9714,1.0,27,-1.1393,39.4306,0.399,0.1614
-zgIolzsJxY_006,-zgIolzsJxY,Defensive Backs,CB,DB,SKILL,DB-14,14,1.0,test,ok,,4.45,,1.6962,167.0669,182,33.805,0.0192,0.9973,1.0,0.9999,0.1092,0.2332,0.6801,0.9853,1.0,49,-0.9838,39.4744,0.406,0.1622
-zgIolzsJxY_007,-zgIolzsJxY,Defensive Backs,CB,DB,SKILL,DB-15,15,1.0,test,ok,,4.46,,1.6808,194.2941,182,33.422,0.0108,0.995,1.0,0.9999,0.1336,0.2373,0.685,0.9632,1.0,29,-1.3856,39.4907,0.406,0.146
-zgIolzsJxY_008,-zgIolzsJxY,Defensive Backs,CB,DB,SKILL,DB-16,16,1.0,test,ok,,4.41,,1.684,225.5253,181,33.137,0.0123,0.9987,1.0,0.9998,0.0788,0.2346,0.6819,0.9776,1.0,27,-1.1896,39.6432,0.528,0.1394
-zgIolzsJxY_009,-zgIolzsJxY,Defensive Backs,CB,DB,SKILL,DB-17,17,1.0,test,ok,,4.43,,1.6568,238.0378,181,34.149,0.0112,0.9942,1.0,0.9999,0.0622,0.2348,0.6824,0.9925,1.0,58,-1.3073,39.6612,0.414,0.1352
-zgIolzsJxY_010,-zgIolzsJxY,Defensive Backs,CB,DB,SKILL,DB-18,18,1.0,train,ok,,4.52,,1.6838,249.883,184,33.514,0.0157,0.9966,1.0,0.9999,0.0778,0.2364,0.683,0.9708,1.0,34,-0.998,39.5304,0.417,0.1806
-zgIolzsJxY_011,-zgIolzsJxY,Defensive Backs,CB,DB,SKILL,DB-19,19,1.0,train,ok,,4.56,,1.7126,261.5613,185,33.706,0.0122,0.9951,0.984,0.9998,0.0686,0.2354,0.6819,0.9496,1.0,32,-1.144,39.5751,0.404,0.1617
-zgIolzsJxY_012,-zgIolzsJxY,Defensive Backs,CB,DB,SKILL,DB-21,21,1.0,test,ok,,4.44,,1.7186,277.2436,182,34.024,0.0165,1.007,1.0,0.9999,0.0607,0.2353,0.6818,0.9852,1.0,26,-1.2634,39.5511,0.403,0.1755
-zgIolzsJxY_013,-zgIolzsJxY,Defensive Backs,CB,DB,SKILL,DB-22,22,1.0,train,ok,,4.55,,1.7203,291.3911,185,33.43,0.0125,0.9973,1.0,0.9999,0.1201,0.2372,0.6828,0.9783,1.0,30,-1.0546,39.4026,0.406,0.1485
-zgIolzsJxY_014,-zgIolzsJxY,Defensive Backs,CB,DB,SKILL,DB-23,23,1.0,test,ok,,4.42,,1.6443,304.8379,181,34.173,0.0118,1.004,1.0,0.9999,0.1017,0.238,0.6823,0.9701,1.0,27,-1.1544,39.475,0.561,0.1469
-zgIolzsJxY_015,-zgIolzsJxY,Defensive Backs,CB,DB,SKILL,DB-24,24,1.0,train,ok,,4.54,,1.7347,319.7861,185,33.772,0.0109,0.9922,1.0,0.9999,0.061,0.2352,0.6803,0.9855,1.0,33,-1.0736,39.7697,0.432,0.1768
-zgIolzsJxY_016,-zgIolzsJxY,Defensive Backs,CB,DB,SKILL,DB-26,26,1.0,train,ok,,4.36,,1.636,331.0974,179,33.917,0.0109,0.9949,1.0,0.9999,0.1107,0.2349,0.6812,0.9624,1.0,22,-0.8759,39.6537,0.431,0.2165
-zgIolzsJxY_017,-zgIolzsJxY,Defensive Backs,CB,DB,SKILL,DB-27,27,1.0,train,ok,,4.46,,1.7042,371.5045,182,33.128,0.0168,1.0025,1.0,0.9999,0.0946,0.234,0.6815,0.9704,1.0,44,-0.8767,39.2678,0.496,0.1397
-zgIolzsJxY_018,-zgIolzsJxY,Defensive Backs,CB,DB,SKILL,DB-28,28,1.0,test,ok,,4.42,,1.6375,385.2182,181,33.519,0.0114,0.9889,1.0,0.9999,0.1069,0.2358,0.683,0.9776,1.0,24,-0.9197,39.7555,0.429,0.1708
-zgIolzsJxY_019,-zgIolzsJxY,Defensive Backs,CB,DB,SKILL,DB-2,2,2.0,test,ok,,4.56,,1.7384,437.804,185,33.275,0.0114,0.9951,1.0,0.9998,0.0774,0.2399,0.6838,0.971,1.0,37,-0.9566,39.9966,0.48,0.2695
-zgIolzsJxY_020,-zgIolzsJxY,Defensive Backs,CB,DB,SKILL,DB-5,5,2.0,train,ok,,4.44,,1.6893,455.1213,181,33.76,0.0114,0.992,1.0,0.9999,0.0796,0.24,0.6816,0.963,1.0,22,-1.2615,39.7139,0.475,0.1486
-zgIolzsJxY_021,-zgIolzsJxY,Defensive Backs,CB,DB,SKILL,DB-7,7,2.0,train,ok,,4.44,,1.6903,464.3305,182,33.817,0.0129,0.992,1.0,0.9999,0.128,0.2421,0.6829,0.963,1.0,57,-1.1164,39.4825,0.421,0.1382
-zgIolzsJxY_022,-zgIolzsJxY,Defensive Backs,CB,DB,SKILL,DB-9,9,2.0,test,ok,,4.4,,1.6745,481.3142,180,33.226,0.0126,1.001,1.0,0.9999,0.0682,0.2442,0.6831,0.9701,1.0,32,-1.1626,39.5879,0.416,0.1414
-zgIolzsJxY_023,-zgIolzsJxY,Defensive Backs,CB,DB,SKILL,DB-10,10,2.0,train,ok,,4.5,,1.6774,503.136,183,33.953,0.0141,0.9936,1.0,0.9999,0.0827,0.242,0.6822,0.9708,1.0,56,-1.2368,39.6928,0.409,0.1488
-zgIolzsJxY_024,-zgIolzsJxY,Defensive Backs,CB,DB,SKILL,DB-12,12,2.0,train,ok,,4.6,,1.7365,526.4926,186,33.303,0.0138,1.001,1.0,0.9999,0.1019,0.241,0.6817,0.9714,1.0,34,-1.1981,39.6683,0.408,0.155
-zgIolzsJxY_025,-zgIolzsJxY,Defensive Backs,CB,DB,SKILL,DB-14,14,2.0,test,ok,,4.44,,1.6968,546.0455,182,32.606,0.0116,0.9995,1.0,0.9999,0.0835,0.2374,0.6819,0.9704,1.0,53,-1.0734,39.2873,0.42,0.1596
-zgIolzsJxY_026,-zgIolzsJxY,Defensive Backs,CB,DB,SKILL,DB-15,15,2.0,test,ok,,4.55,,1.7295,582.3484,185,33.247,0.0125,0.9973,1.0,0.9999,0.0635,0.2403,0.6847,0.9783,1.0,32,-1.2635,39.5036,0.415,0.151
-zgIolzsJxY_027,-zgIolzsJxY,Defensive Backs,CB,DB,SKILL,DB-16,16,2.0,test,ok,,4.42,,1.6926,619.7525,181,34.155,0.0112,0.9965,1.0,0.9999,0.0688,0.239,0.6823,0.9627,1.0,26,-0.9898,39.6346,0.429,0.1794
-zgIolzsJxY_028,-zgIolzsJxY,Defensive Backs,CB,DB,SKILL,DB-17,17,2.0,test,ok,,4.4,,1.653,641.5075,180,32.93,0.0113,0.9934,1.0,0.9999,0.0888,0.2399,0.6801,0.9851,1.0,57,-1.3095,39.4805,0.412,0.1499
-zgIolzsJxY_029,-zgIolzsJxY,Defensive Backs,CB,DB,SKILL,DB-18,18,2.0,train,ok,,4.55,,1.7077,675.9419,185,33.952,0.0173,0.9973,1.0,0.9999,0.0654,0.2427,0.6822,0.9784,1.0,31,-1.1259,39.8252,0.4,0.1758
-zgIolzsJxY_030,-zgIolzsJxY,Defensive Backs,CB,DB,SKILL,DB-19,19,2.0,train,ok,,4.46,,1.6776,692.9589,182,33.621,0.0113,1.0025,1.0,0.9999,0.063,0.2377,0.6848,0.9706,1.0,20,-1.2176,39.5517,0.419,0.1797
-zgIolzsJxY_031,-zgIolzsJxY,Defensive Backs,CB,DB,SKILL,DB-21,21,2.0,test,ok,,4.43,,1.7044,722.4217,181,33.514,0.0117,0.9942,1.0,0.9999,0.0582,0.2455,0.6827,0.9852,1.0,24,-1.1905,39.3721,0.41,0.1609
-zgIolzsJxY_032,-zgIolzsJxY,Defensive Backs,CB,DB,SKILL,DB-22,22,2.0,train,ok,,4.5,,1.6561,759.2585,183,32.686,0.0151,1.001,1.0,0.9999,0.0626,0.2443,0.6855,0.9781,1.0,19,-1.0241,39.4979,0.405,0.1439
-zgIolzsJxY_033,-zgIolzsJxY,Defensive Backs,CB,DB,SKILL,DB-23,23,2.0,test,ok,,4.46,,1.6523,769.9692,182,33.549,0.0198,1.0025,1.0,0.9999,0.0844,0.2465,0.6834,0.9632,1.0,43,-1.0753,39.6795,0.407,0.1648
-zgIolzsJxY_034,-zgIolzsJxY,Defensive Backs,CB,DB,SKILL,DB-24,24,2.0,train,ok,,4.5,,1.6951,784.15,183,33.513,0.0162,1.001,1.0,0.9999,0.0618,0.2425,0.6824,0.9781,1.0,23,-1.0602,39.8225,0.425,0.1303
-zgIolzsJxY_035,-zgIolzsJxY,Defensive Backs,CB,DB,SKILL,DB-26,26,2.0,train,ok,,4.32,,1.6179,811.177,178,33.167,0.0111,0.9964,1.0,0.9999,0.0723,0.2462,0.683,0.9771,1.0,20,-1.0626,39.4568,0.423,0.1477
-zgIolzsJxY_036,-zgIolzsJxY,Defensive Backs,CB,DB,SKILL,DB-27,27,2.0,train,ok,,4.45,,1.6966,850.5163,182,34.039,0.0128,0.9973,1.0,0.9999,0.1042,0.2432,0.6831,0.9704,1.0,42,-1.0111,39.4287,0.467,0.1426
-zgIolzsJxY_037,-zgIolzsJxY,Defensive Backs,CB,DB,SKILL,DB-28,28,2.0,test,ok,,4.4,,1.6405,860.1927,180,33.912,0.013,0.9934,0.928,0.9999,0.0649,0.2437,0.6795,0.9701,1.0,27,-0.8615,39.7593,0.422,0.1411
0r_usy_GIAI_000,0r_usy_GIAI,Wide Receivers Group 1,WR,WR,SKILL,WR-2,2,1.0,test,ok,,4.58,,1.7283,5.9393,186,33.701,0.015,0.9981,1.0,0.9999,0.0618,0.2297,0.6788,0.9784,1.0,26,-1.1194,39.6311,0.398,0.1515
0r_usy_GIAI_001,0r_usy_GIAI,Wide Receivers Group 1,WR,WR,SKILL,WR-4,4,1.0,test,ok,,4.5,,1.714,21.7217,183,33.314,0.0172,0.9936,1.0,0.9998,0.0682,0.2243,0.6819,0.9708,1.0,53,-1.3263,39.6178,0.428,0.1471
0r_usy_GIAI_002,0r_usy_GIAI,Wide Receivers Group 1,WR,WR,SKILL,WR-5,5,1.0,test,ok,,4.4,,1.6643,52.1855,180,33.656,0.0196,1.001,1.0,0.9999,0.1513,0.2291,0.678,0.9776,1.0,32,-1.0258,39.3179,0.433,0.1727
0r_usy_GIAI_003,0r_usy_GIAI,Wide Receivers Group 1,WR,WR,SKILL,WR-6,6,1.0,train,ok,,4.38,,1.7024,73.3066,180,33.031,0.0142,0.998,1.0,0.9999,0.0774,0.2247,0.6795,0.9549,1.0,25,-1.1251,39.4716,0.492,0.1663
0r_usy_GIAI_004,0r_usy_GIAI,Wide Receivers Group 1,WR,WR,SKILL,WR-7,7,1.0,train,ok,,4.52,,1.6799,106.473,184,33.233,0.0163,0.9966,1.0,0.9999,0.1069,0.2259,0.681,0.9562,1.0,34,-0.9543,39.6458,0.471,0.1765
0r_usy_GIAI_005,0r_usy_GIAI,Wide Receivers Group 1,WR,WR,SKILL,WR-9,9,1.0,train,rejected,x_at_stop_err=2.47,4.42,,,134.9682,181,33.325,0.017,0.9889,1.0,0.9998,0.1149,0.2244,0.6823,0.9851,1.0,28,-0.8755,37.532,0.458,1.6938
0r_usy_GIAI_006,0r_usy_GIAI,Wide Receivers Group 1,WR,WR,SKILL,WR-10,10,1.0,train,ok,,4.37,,1.6323,146.1126,179,33.81,0.0166,1.0002,0.96,0.9999,0.0746,0.2295,0.68,0.9699,1.0,33,-0.9486,39.3394,0.414,0.1661
0r_usy_GIAI_007,0r_usy_GIAI,Wide Receivers Group 1,WR,WR,SKILL,WR-11,11,1.0,train,ok,,4.41,,1.7427,156.9568,181,34.094,0.0128,0.9987,1.0,0.9999,0.0779,0.23,0.6788,0.9627,1.0,30,-1.0501,39.6646,0.499,0.1522
0r_usy_GIAI_008,0r_usy_GIAI,Wide Receivers Group 1,WR,WR,SKILL,WR-12,12,1.0,train,ok,,4.33,,1.611,181.0475,178,33.3,0.0114,1.0018,1.0,0.9999,0.0902,0.2303,0.6841,0.9697,1.0,30,-1.0465,39.3956,0.469,0.1681
0r_usy_GIAI_009,0r_usy_GIAI,Wide Receivers Group 1,WR,WR,SKILL,WR-13,13,1.0,test,ok,,4.32,,1.6033,231.9984,178,33.719,0.0118,0.9964,1.0,0.9999,0.0627,0.2287,0.6772,0.9697,1.0,49,-1.2726,39.5983,0.43,0.1582
0r_usy_GIAI_010,0r_usy_GIAI,Wide Receivers Group 1,WR,WR,SKILL,WR-15,15,1.0,train,ok,,4.5,,1.7337,289.8896,183,33.725,0.0117,1.001,1.0,0.9999,0.0954,0.2294,0.6792,0.9635,1.0,28,-1.0073,39.5997,0.462,0.1575
0r_usy_GIAI_011,0r_usy_GIAI,Wide Receivers Group 1,WR,WR,SKILL,WR-17,17,1.0,test,ok,,4.47,,1.6951,306.4728,182,32.211,0.0127,0.9928,1.0,0.9999,0.0921,0.2289,0.679,0.9706,1.0,30,-1.1317,39.5953,0.475,0.1552
0r_usy_GIAI_012,0r_usy_GIAI,Wide Receivers Group 1,WR,WR,SKILL,WR-19,19,1.0,test,ok,,4.4,,1.6787,344.711,180,33.714,0.0153,1.001,1.0,0.9999,0.072,0.2335,0.6781,0.9701,1.0,53,-1.2092,39.4088,0.457,0.1777
0r_usy_GIAI_013,0r_usy_GIAI,Wide Receivers Group 1,WR,WR,SKILL,WR-20,20,1.0,train,ok,,4.62,,1.7603,360.2265,187,33.713,0.0162,1.0039,1.0,0.9999,0.1033,0.2299,0.6818,0.9787,1.0,38,-1.4023,39.3118,0.41,0.1485
0r_usy_GIAI_014,0r_usy_GIAI,Wide Receivers Group 1,WR,WR,SKILL,WR-21,21,1.0,train,ok,,4.44,,1.6986,382.5822,182,34.226,0.0113,0.9995,1.0,0.9999,0.0719,0.2293,0.6795,0.9556,1.0,35,-1.1602,39.3796,0.509,0.1675
0r_usy_GIAI_015,0r_usy_GIAI,Wide Receivers Group 1,WR,WR,SKILL,WR-2,2,2.0,test,ok,,4.54,,1.6926,433.6332,185,33.502,0.0116,0.9995,1.0,0.9998,0.1472,0.2335,0.6801,0.9855,1.0,28,-0.9254,39.4698,0.609,0.1658
0r_usy_GIAI_016,0r_usy_GIAI,Wide Receivers Group 1,WR,WR,SKILL,WR-4,4,2.0,test,ok,,4.53,,1.7397,445.3783,184,34.03,0.0171,1.0017,1.0,0.9999,0.0759,0.2366,0.6845,0.9635,1.0,34,-1.2719,39.7503,0.501,0.1712
0r_usy_GIAI_017,0r_usy_GIAI,Wide Receivers Group 1,WR,WR,SKILL,WR-5,5,2.0,test,ok,,4.42,,1.6674,469.5024,181,33.793,0.0115,1.004,1.0,0.9999,0.099,0.231,0.678,0.9556,1.0,37,-1.2248,39.5286,0.495,0.1599
0r_usy_GIAI_018,0r_usy_GIAI,Wide Receivers Group 1,WR,WR,SKILL,WR-6,6,2.0,train,ok,,4.41,,1.7055,492.7256,181,32.876,0.0118,0.9912,1.0,0.9999,0.1009,0.2321,0.6818,0.9556,1.0,26,-1.1327,39.5191,0.426,0.1638
0r_usy_GIAI_019,0r_usy_GIAI,Wide Receivers Group 1,WR,WR,SKILL,WR-7,7,2.0,train,ok,,4.49,,1.6794,504.2704,183,33.467,0.0164,1.0032,1.0,0.9999,0.0742,0.2328,0.6812,0.9489,1.0,25,-0.9509,39.4289,0.436,0.1692
0r_usy_GIAI_020,0r_usy_GIAI,Wide Receivers Group 1,WR,WR,SKILL,WR-9,9,2.0,train,ok,,4.36,,1.6225,530.3632,179,33.718,0.0127,0.9872,1.0,0.9999,0.0579,0.2327,0.6838,0.9699,1.0,27,-1.0735,39.4021,0.47,0.1454
0r_usy_GIAI_021,0r_usy_GIAI,Wide Receivers Group 1,WR,WR,SKILL,WR-11,11,2.0,train,ok,,4.42,,1.7192,567.4335,181,33.68,0.0128,1.004,1.0,0.9998,0.1136,0.2295,0.6788,0.9778,1.0,31,-1.2006,39.5991,0.508,0.1698
0r_usy_GIAI_022,0r_usy_GIAI,Wide Receivers Group 1,WR,WR,SKILL,WR-12,12,2.0,train,ok,,4.31,,1.5962,580.1796,178,33.935,0.0163,1.0064,1.0,0.9998,0.1039,0.2308,0.682,0.9848,1.0,28,-1.3196,39.4387,0.419,0.1627
0r_usy_GIAI_023,0r_usy_GIAI,Wide Receivers Group 1,WR,WR,SKILL,WR-13,13,2.0,test,ok,,4.37,,1.6657,591.6911,179,33.719,0.0131,0.9926,1.0,0.9998,0.0665,0.2319,0.6796,0.9774,1.0,25,-1.2931,39.4994,0.517,0.1716
0r_usy_GIAI_024,0r_usy_GIAI,Wide Receivers Group 1,WR,WR,SKILL,WR-15,15,2.0,train,ok,,4.5,,1.7064,608.0741,183,33.659,0.0131,1.001,1.0,0.9999,0.1046,0.2328,0.679,0.9635,1.0,30,-1.0487,39.7417,0.426,0.1414
0r_usy_GIAI_025,0r_usy_GIAI,Wide Receivers Group 1,WR,WR,SKILL,WR-17,17,2.0,test,ok,,4.43,,1.6771,619.6857,181,33.416,0.0124,0.9942,1.0,0.9999,0.0649,0.2313,0.6799,0.9556,1.0,32,-1.2067,39.3904,0.474,0.1877
0r_usy_GIAI_026,0r_usy_GIAI,Wide Receivers Group 1,WR,WR,SKILL,WR-19,19,2.0,test,ok,,4.4,,1.7064,645.8118,180,32.488,0.014,0.9934,1.0,0.9999,0.066,0.23,0.6802,0.9701,1.0,56,-1.27,39.1547,0.489,0.1643
0r_usy_GIAI_027,0r_usy_GIAI,Wide Receivers Group 1,WR,WR,SKILL,WR-20,20,2.0,train,ok,,4.64,,1.7947,671.4374,187,33.725,0.0129,0.9924,1.0,0.9999,0.1286,0.2328,0.6789,0.9574,1.0,35,-1.3269,39.4959,0.418,0.1502
0r_usy_GIAI_028,0r_usy_GIAI,Wide Receivers Group 1,WR,WR,SKILL,WR-21,21,2.0,train,ok,,4.46,,1.6936,683.0157,182,32.709,0.0112,0.995,1.0,0.9999,0.0864,0.2305,0.6798,0.9706,1.0,49,-1.1495,39.5547,0.502,0.167
9xc35LbeeUE_000,9xc35LbeeUE,Tight Ends,TE,TE,STRONG,TE-1,1,1.0,train,ok,,4.65,,1.7534,38.0714,188,33.378,0.0144,0.9974,1.0,0.9999,0.0731,0.2355,0.6783,0.9645,1.0,27,-1.3687,39.6741,0.424,0.1376
9xc35LbeeUE_001,9xc35LbeeUE,Tight Ends,TE,TE,STRONG,TE-3,3,1.0,test,ok,,4.68,,1.7457,64.8982,189,33.467,0.0184,0.991,1.0,0.9999,0.1648,0.2358,0.6783,0.9648,1.0,22,-1.3888,39.6436,0.385,0.1499
9xc35LbeeUE_002,9xc35LbeeUE,Tight Ends,TE,TE,STRONG,TE-5,5,1.0,train,ok,,4.73,,1.7945,108.3749,190,33.129,0.0112,0.9947,1.0,0.9999,0.1438,0.2354,0.6793,0.986,1.0,30,-1.3853,39.7866,0.485,0.1198
9xc35LbeeUE_003,9xc35LbeeUE,Tight Ends,TE,TE,STRONG,TE-6,6,1.0,test,ok,,4.68,,1.7778,122.5224,189,33.56,0.0154,0.9981,1.0,0.9999,0.138,0.2356,0.6764,0.9789,1.0,36,-1.2727,39.3737,0.427,0.1564
9xc35LbeeUE_004,9xc35LbeeUE,Tight Ends,TE,TE,STRONG,TE-7,7,1.0,train,ok,,4.6,,1.7063,140.6739,186,33.238,0.0142,0.9937,1.0,0.9999,0.0702,0.2366,0.6808,0.9714,0.9929,62,-1.3399,39.7241,0.433,0.1696
9xc35LbeeUE_005,9xc35LbeeUE,Tight Ends,TE,TE,STRONG,TE-8,8,1.0,test,ok,,4.57,,1.7263,164.4643,185,33.819,0.0112,0.993,1.0,0.9999,0.1079,0.2298,0.6749,0.9784,1.0,59,-0.9472,39.6978,0.405,0.2627
9xc35LbeeUE_006,9xc35LbeeUE,Tight Ends,TE,TE,STRONG,TE-10,10,1.0,train,ok,,4.75,,1.818,184.6511,191,33.817,0.0169,1.0045,1.0,0.9999,0.1213,0.2315,0.6757,0.9517,1.0,34,-1.28,39.8102,0.391,0.1538
9xc35LbeeUE_007,9xc35LbeeUE,Tight Ends,TE,TE,STRONG,TE-11,11,1.0,test,ok,,4.53,,1.7116,204.6044,184,34.104,0.0146,0.9944,1.0,0.9999,0.1293,0.2323,0.6805,0.9635,1.0,21,-1.153,39.7464,0.409,0.1508
9xc35LbeeUE_008,9xc35LbeeUE,Tight Ends,TE,TE,STRONG,TE-12,12,1.0,test,ok,,4.91,,1.8476,235.3017,196,33.431,0.0163,0.9922,1.0,0.9999,0.0802,0.2319,0.6772,0.9732,1.0,29,-1.5005,39.6955,0.382,0.1678
9xc35LbeeUE_009,9xc35LbeeUE,Tight Ends,TE,TE,STRONG,TE-14,14,1.0,train,ok,,4.62,,1.758,247.8476,187,32.43,0.0111,0.9967,1.0,0.9999,0.073,0.2333,0.6762,0.9714,1.0,15,-1.0756,39.6187,0.397,0.1336
9xc35LbeeUE_010,9xc35LbeeUE,Tight Ends,TE,TE,STRONG,TE-15,15,1.0,test,ok,,4.71,,1.7551,263.4298,190,32.606,0.0179,0.9918,1.0,0.9999,0.1497,0.2309,0.676,0.972,1.0,24,-1.3006,39.697,0.413,0.1455
9xc35LbeeUE_011,9xc35LbeeUE,Tight Ends,TE,TE,STRONG,TE-16,16,1.0,train,ok,,4.52,,1.7582,274.0738,184,33.087,0.0144,0.9966,1.0,0.9999,0.1032,0.2366,0.6775,0.9781,1.0,44,-1.1828,39.6031,0.427,0.1551
9xc35LbeeUE_012,9xc35LbeeUE,Tight Ends,TE,TE,STRONG,TE-18,18,1.0,train,rejected,x_at_stop_err=4.18,4.66,,,288.9887,188,33.621,0.0122,1.0024,1.0,0.9999,0.0729,0.2322,0.6762,0.9718,1.0,25,-1.3005,35.8226,0.462,0.169
9xc35LbeeUE_013,9xc35LbeeUE,Tight Ends,TE,TE,STRONG,TE-19,19,1.0,test,rejected,max_step_yd=0.804,4.62,,,299.5326,187,32.677,0.0118,0.9894,1.0,0.9999,0.0591,0.2361,0.6757,0.9645,1.0,30,-1.6177,41.2781,0.804,0.1628
9xc35LbeeUE_014,9xc35LbeeUE,Tight Ends,TE,TE,STRONG,TE-21,21,1.0,train,ok,,4.7,,1.729,313.0461,189,33.143,0.0127,0.9939,1.0,0.9999,0.1194,0.2335,0.6782,0.986,1.0,32,-1.2273,39.5656,0.391,0.1318
9xc35LbeeUE_015,9xc35LbeeUE,Tight Ends,TE,TE,STRONG,TE-23,23,1.0,test,ok,,4.4,,1.6149,352.7858,180,33.433,0.0112,1.001,1.0,0.9998,0.1719,0.2372,0.6779,0.9776,1.0,9,-0.8875,40.0942,0.452,0.2988
9xc35LbeeUE_016,9xc35LbeeUE,Tight Ends,TE,TE,STRONG,TE-24,24,1.0,test,ok,,4.63,,1.768,385.4184,187,33.649,0.0183,0.9945,1.0,0.9999,0.0662,0.2386,0.6782,0.9787,1.0,37,-1.3396,39.5586,0.399,0.1367
9xc35LbeeUE_017,9xc35LbeeUE,Tight Ends,TE,TE,STRONG,TE-1,1,2.0,train,ok,,4.63,,1.7306,418.8184,187,33.534,0.0159,1.0017,1.0,0.9998,0.072,0.2357,0.68,0.9504,1.0,22,-1.4194,39.6914,0.425,0.1584
9xc35LbeeUE_018,9xc35LbeeUE,Tight Ends,TE,TE,STRONG,TE-3,3,2.0,test,ok,,4.65,,1.7597,429.6626,188,32.863,0.0128,0.9902,1.0,0.9998,0.1017,0.2346,0.676,0.9437,1.0,27,-1.3961,39.4019,0.495,0.1338
9xc35LbeeUE_019,9xc35LbeeUE,Tight Ends,TE,TE,STRONG,TE-5,5,2.0,train,ok,,4.73,,1.8302,441.2074,190,33.012,0.0175,0.9947,1.0,0.9998,0.0613,0.2341,0.6771,0.986,1.0,32,-1.2082,39.7622,0.444,0.1433
9xc35LbeeUE_020,9xc35LbeeUE,Tight Ends,TE,TE,STRONG,TE-6,6,2.0,test,ok,,4.63,,1.7195,453.0192,187,34.339,0.0114,0.9945,1.0,0.9998,0.1053,0.2397,0.6801,0.9787,1.0,19,-1.3237,39.6647,0.501,0.1274
9xc35LbeeUE_021,9xc35LbeeUE,Tight Ends,TE,TE,STRONG,TE-7,7,2.0,train,ok,,4.62,,1.7324,463.5631,187,33.376,0.017,0.9967,1.0,0.9998,0.0674,0.2331,0.6792,0.9857,1.0,52,-1.4174,39.7692,0.397,0.1436
9xc35LbeeUE_022,9xc35LbeeUE,Tight Ends,TE,TE,STRONG,TE-8,8,2.0,test,ok,,4.62,,1.7555,478.1777,187,33.073,0.0117,0.9967,1.0,0.9999,0.1452,0.2372,0.6758,0.9929,1.0,61,-0.9876,39.7804,0.402,0.2833
9xc35LbeeUE_023,9xc35LbeeUE,Tight Ends,TE,TE,STRONG,TE-10,10,2.0,train,ok,,4.76,,1.8252,493.4596,191,33.325,0.0186,1.0024,1.0,0.9999,0.1011,0.2378,0.6775,0.9722,1.0,36,-1.3635,39.8863,0.443,0.1381
9xc35LbeeUE_024,9xc35LbeeUE,Tight Ends,TE,TE,STRONG,TE-11,11,2.0,test,ok,,4.55,,1.7112,521.6545,185,33.43,0.0195,0.9973,1.0,0.9999,0.1276,0.2324,0.6764,0.971,1.0,25,-1.05,39.827,0.408,0.1394
9xc35LbeeUE_025,9xc35LbeeUE,Tight Ends,TE,TE,STRONG,TE-12,12,2.0,test,ok,,4.94,,1.8647,535.7686,196,33.823,0.0103,0.9929,1.0,0.9999,0.1495,0.2351,0.6768,0.9667,1.0,20,-1.5142,39.758,0.371,0.1169
9xc35LbeeUE_026,9xc35LbeeUE,Tight Ends,TE,TE,STRONG,TE-14,14,2.0,train,ok,,4.63,,1.7593,561.5944,187,33.241,0.0144,0.9945,1.0,0.9999,0.0923,0.2405,0.6777,0.9787,1.0,30,-1.0333,39.7316,0.444,0.1657
9xc35LbeeUE_027,9xc35LbeeUE,Tight Ends,TE,TE,STRONG,TE-15,15,2.0,test,ok,,4.71,,1.749,578.7782,190,33.384,0.0126,0.9989,1.0,0.9999,0.1051,0.2334,0.6799,0.979,1.0,61,-1.305,39.8028,0.467,0.1557
9xc35LbeeUE_028,9xc35LbeeUE,Tight Ends,TE,TE,STRONG,TE-16,16,2.0,train,ok,,4.54,,1.7725,588.0875,184,33.796,0.0166,0.9922,0.962,0.9999,0.0886,0.238,0.676,0.9783,1.0,50,-1.4855,39.6393,0.52,0.1241
9xc35LbeeUE_029,9xc35LbeeUE,Tight Ends,TE,TE,STRONG,TE-18,18,2.0,train,ok,,4.71,,1.8299,602.602,190,33.695,0.0155,1.006,1.0,0.9999,0.0894,0.239,0.6786,0.9441,1.0,26,-1.286,39.7087,0.421,0.1724
9xc35LbeeUE_030,9xc35LbeeUE,Tight Ends,TE,TE,STRONG,TE-19,19,2.0,test,ok,,4.63,,1.7391,616.9497,187,34.021,0.0133,0.9945,1.0,0.9999,0.0949,0.2398,0.6793,0.9643,1.0,20,-1.5329,39.7514,0.44,0.1472
9xc35LbeeUE_031,9xc35LbeeUE,Tight Ends,TE,TE,STRONG,TE-21,21,2.0,train,ok,,4.78,,1.731,629.7625,192,33.639,0.012,0.9982,1.0,0.9999,0.0783,0.2357,0.6834,0.9862,1.0,22,-1.2399,39.9843,0.414,0.1393
9xc35LbeeUE_032,9xc35LbeeUE,Tight Ends,TE,TE,STRONG,TE-23,23,2.0,test,ok,,4.4,,1.6361,641.1739,180,33.922,0.0174,1.001,1.0,0.9999,0.0781,0.2379,0.6786,0.9851,1.0,7,-1.0119,39.7781,0.501,0.1767
9xc35LbeeUE_033,9xc35LbeeUE,Tight Ends,TE,TE,STRONG,TE-24,24,2.0,test,ok,,4.64,,1.7975,682.6153,187,33.437,0.0122,0.9996,1.0,0.9999,0.0833,0.242,0.6767,0.9787,1.0,32,-1.4312,39.3603,0.388,0.142
BEFga72DF3U_000,BEFga72DF3U,Wide Receivers Group 2,WR,WR,SKILL,WR-24,24,1.0,train,ok,,4.42,,1.7099,30.5305,181,33.795,0.0112,0.9965,1.0,0.9999,0.0925,0.2276,0.6733,0.9704,1.0,40,-1.2529,39.3216,0.426,0.1647
BEFga72DF3U_001,BEFga72DF3U,Wide Receivers Group 2,WR,WR,SKILL,WR-25,25,1.0,test,ok,,4.59,,1.7472,52.6526,186,33.903,0.0169,0.9959,1.0,0.9999,0.0736,0.2275,0.6809,0.9786,1.0,22,-1.2462,39.6225,0.401,0.1412
BEFga72DF3U_002,BEFga72DF3U,Wide Receivers Group 2,WR,WR,SKILL,WR-26,26,1.0,test,ok,,4.34,,1.6331,76.0093,179,33.393,0.0115,0.9995,1.0,0.9999,0.0643,0.2349,0.681,0.9697,1.0,24,-1.1272,39.2204,0.41,0.1589
BEFga72DF3U_003,BEFga72DF3U,Wide Receivers Group 2,WR,WR,SKILL,WR-27,27,1.0,train,ok,,4.48,,1.7137,108.0413,183,33.214,0.0112,0.998,1.0,0.9999,0.0576,0.23,0.6815,0.9706,1.0,42,-1.2908,39.5222,0.449,0.1648
BEFga72DF3U_004,BEFga72DF3U,Wide Receivers Group 2,WR,WR,SKILL,WR-28,28,1.0,train,ok,,4.46,,1.69,143.0429,182,33.167,0.0117,0.995,1.0,0.9999,0.089,0.2331,0.6775,0.9852,1.0,20,-1.1208,39.7242,0.542,0.1736
BEFga72DF3U_005,BEFga72DF3U,Wide Receivers Group 2,WR,WR,SKILL,WR-32,32,1.0,test,ok,,4.37,,1.6911,157.9244,179,33.324,0.0113,1.0002,1.0,0.9999,0.1217,0.2323,0.6788,0.9699,1.0,27,-1.3004,39.4085,0.432,0.1866
BEFga72DF3U_006,BEFga72DF3U,Wide Receivers Group 2,WR,WR,SKILL,WR-33,33,1.0,train,ok,,4.65,,1.7468,175.7756,188,33.508,0.0112,0.9974,1.0,0.9999,0.0661,0.2329,0.6773,0.9787,1.0,31,-1.1069,39.6375,0.402,0.1612
BEFga72DF3U_007,BEFga72DF3U,Wide Receivers Group 2,WR,WR,SKILL,WR-35,35,1.0,test,ok,,4.39,,1.668,186.6198,180,33.617,0.0117,0.9957,1.0,0.9999,0.0733,0.2303,0.6793,0.9701,1.0,26,-0.9219,39.2154,0.419,0.1541
BEFga72DF3U_008,BEFga72DF3U,Wide Receivers Group 2,WR,WR,SKILL,WR-36,36,1.0,train,ok,,4.41,,1.6891,212.5123,181,33.208,0.0156,0.9987,1.0,0.9999,0.068,0.2313,0.6791,0.9776,1.0,45,-1.0387,39.4362,0.409,0.1441
BEFga72DF3U_009,BEFga72DF3U,Wide Receivers Group 2,WR,WR,SKILL,WR-37,37,1.0,test,ok,,4.54,,1.7715,246.2126,185,34.011,0.0135,0.9995,1.0,0.9999,0.0632,0.2339,0.6787,0.9638,1.0,55,-1.1586,39.5093,0.527,0.1862
BEFga72DF3U_010,BEFga72DF3U,Wide Receivers Group 2,WR,WR,SKILL,WR-38,38,1.0,test,ok,,4.28,,1.6317,278.3447,177,32.576,0.0114,0.9979,1.0,0.9999,0.0829,0.2349,0.6796,0.9692,1.0,15,-1.0989,39.3154,0.508,0.1558
BEFga72DF3U_011,BEFga72DF3U,Wide Receivers Group 2,WR,WR,SKILL,WR-39,39,1.0,test,ok,,4.26,,1.6483,325.7588,176,33.407,0.0113,0.9947,1.0,0.9999,0.0965,0.236,0.6795,0.9769,1.0,9,-1.0163,39.2361,0.436,0.1574
BEFga72DF3U_012,BEFga72DF3U,Wide Receivers Group 2,WR,WR,SKILL,WR-45,45,1.0,train,ok,,4.42,,1.677,435.9689,181,33.965,0.0142,0.9965,1.0,0.9999,0.081,0.2337,0.6776,0.9852,1.0,26,-1.1075,39.7508,0.476,0.1402
BEFga72DF3U_013,BEFga72DF3U,Wide Receivers Group 2,WR,WR,SKILL,WR-24,24,2.0,train,rejected,track_frac=0.412;x_at_stop_err=nan,4.48,,,473.5731,183,33.419,0.0131,0.998,1.0,0.9999,0.0708,0.2348,0.6752,0.9779,0.4118,47,-1.1264,,0.331,0.1678
BEFga72DF3U_014,BEFga72DF3U,Wide Receivers Group 2,WR,WR,SKILL,WR-25,25,2.0,test,ok,,4.55,,1.7284,500.4333,185,33.53,0.0117,0.9973,1.0,0.9999,0.0591,0.2373,0.6798,0.9638,1.0,36,-1.2847,39.4246,0.394,0.1576
BEFga72DF3U_015,BEFga72DF3U,Wide Receivers Group 2,WR,WR,SKILL,WR-26,26,2.0,test,ok,,4.39,,1.671,524.5574,180,33.476,0.0124,0.9957,1.0,0.9999,0.1382,0.2374,0.6781,0.9851,1.0,20,-1.1976,39.2642,0.428,0.1488
BEFga72DF3U_016,BEFga72DF3U,Wide Receivers Group 2,WR,WR,SKILL,WR-27,27,2.0,train,ok,,4.47,,1.7067,542.7422,182,33.173,0.0114,0.9928,1.0,0.9999,0.0662,0.2363,0.6796,0.9779,1.0,22,-1.1522,39.3929,0.429,0.1746
BEFga72DF3U_017,BEFga72DF3U,Wide Receivers Group 2,WR,WR,SKILL,WR-28,28,2.0,train,ok,,4.5,,1.7277,581.7145,183,33.775,0.0114,0.9936,1.0,0.9998,0.0655,0.2367,0.6768,0.9416,1.0,12,-0.9138,39.7545,0.417,0.2885
BEFga72DF3U_018,BEFga72DF3U,Wide Receivers Group 2,WR,WR,SKILL,WR-32,32,2.0,test,ok,,4.36,,1.6517,592.4585,179,33.7,0.0104,0.9949,1.0,0.9998,0.0703,0.2361,0.6765,0.985,1.0,18,-1.2837,39.5191,0.504,0.1482
BEFga72DF3U_019,BEFga72DF3U,Wide Receivers Group 2,WR,WR,SKILL,WR-33,33,2.0,train,ok,,4.66,,1.7598,603.3694,188,33.603,0.0211,1.0311,0.963,0.9998,0.0633,0.2397,0.6777,0.9718,1.0,23,-1.05,39.3021,0.411,0.1565
BEFga72DF3U_020,BEFga72DF3U,Wide Receivers Group 2,WR,WR,SKILL,WR-35,35,2.0,test,rejected,turf_min=0.0739;turf_median=0.193,4.37,,,617.0164,179,34.042,0.0108,1.0002,1.0,0.9999,0.0529,0.0739,0.193,0.9774,1.0,5,-0.5346,39.2662,0.478,1.147
BEFga72DF3U_021,BEFga72DF3U,Wide Receivers Group 2,WR,WR,SKILL,WR-36,36,2.0,train,rejected,turf_min=0.0744;turf_median=0.194,4.41,,,645.1445,181,33.406,0.017,0.9987,1.0,0.9999,0.0352,0.0744,0.1942,0.9925,1.0,8,-0.7594,39.0638,0.422,1.2621
BEFga72DF3U_022,BEFga72DF3U,Wide Receivers Group 2,WR,WR,SKILL,WR-39,39,2.0,test,ok,,4.3,,1.6682,719.719,177,33.461,0.018,1.001,1.0,0.9998,0.0686,0.2399,0.6735,0.9771,1.0,10,-1.164,39.1472,0.429,0.1618
BEFga72DF3U_023,BEFga72DF3U,Wide Receivers Group 2,WR,WR,SKILL,WR-41,41,1.0,,rejected,turf_min=0.0741;turf_median=0.197;x_at_stop_err=262;x_at_zero=-7.71;max_step_yd=2.36,4.57,,,767.2331,185,33.623,0.0131,1.0003,1.0,0.9999,0.0439,0.0741,0.1965,0.9856,1.0,5,-7.7081,301.9442,2.364,1.0437
BEFga72DF3U_024,BEFga72DF3U,Wide Receivers Group 2,WR,WR,SKILL,WR-42,42,1.0,,rejected,turf_min=0.0744;turf_median=0.194;lane_frac=0;track_frac=0;start_support=0;x_at_stop_err=nan;x_at_zero=nan;max_step_yd=nan,4.55,,,797.8304,185,33.778,0.0119,0.99,1.0,0.9999,0.0735,0.0744,0.1938,0.0,0.0,0,,,,
BEFga72DF3U_025,BEFga72DF3U,Wide Receivers Group 2,WR,WR,SKILL,WR-43,43,1.0,,rejected,turf_min=0.0742;turf_median=0.193,4.58,,,834.2668,186,33.65,0.0132,0.9981,1.0,0.9999,0.0398,0.0742,0.1929,0.9856,1.0,7,-0.8874,39.2655,0.398,1.3445
BEFga72DF3U_026,BEFga72DF3U,Wide Receivers Group 2,WR,WR,SKILL,WR-44,44,1.0,test,ok,,4.48,,1.6893,853.7863,183,34.205,0.0164,0.998,0.967,0.9999,0.0665,0.2396,0.6793,0.9706,1.0,38,-1.3097,39.5749,0.404,0.1481
BEFga72DF3U_027,BEFga72DF3U,Wide Receivers Group 2,WR,WR,SKILL,WR-45,45,2.0,train,ok,,4.42,,1.6843,889.889,181,34.1,0.0108,0.9965,1.0,0.9998,0.079,0.2389,0.6796,0.9701,1.0,19,-1.1964,39.63,0.479,0.1333
BEFga72DF3U_028,BEFga72DF3U,Wide Receivers Group 2,WR,QB,SKILL,QB-15,15,,,excluded,panel position QB,4.56,,,983.5492,185,34.406,0.0112,0.9951,1.0,0.9999,0.0632,0.2313,0.677,0.9784,1.0,31,-0.9491,39.2923,0.457,0.1621
BEFga72DF3U_029,BEFga72DF3U,Wide Receivers Group 2,WR,QB,SKILL,QB-15,15,,,excluded,panel position QB,4.57,,,1064.0296,185,33.051,0.0149,0.993,1.0,0.9999,0.0761,0.2354,0.6764,0.9856,1.0,19,-0.8884,39.2319,0.454,0.1633
LDqozfzjaNU_000,LDqozfzjaNU,Edge Rushers,EDGE,DL,STRONG,DL-30,30,1.0,train,ok,,4.85,1.66,1.8213,3.4701,194,34.129,0.0134,0.9976,1.0,0.9999,0.1583,0.2302,0.6826,0.966,1.0,42,-1.0908,39.8102,0.392,0.159
LDqozfzjaNU_001,LDqozfzjaNU,Edge Rushers,EDGE,DL,STRONG,DL-31,31,1.0,test,ok,,4.51,1.62,1.7504,34.2008,184,33.799,0.0146,0.9988,1.0,0.9999,0.0707,0.2358,0.6789,0.9708,1.0,28,-1.3683,39.5129,0.441,0.1714
LDqozfzjaNU_002,LDqozfzjaNU,Edge Rushers,EDGE,DL,STRONG,DL-33,33,1.0,train,ok,,4.65,1.61,1.7295,73.2732,188,33.724,0.0114,0.9974,0.885,0.9998,0.0731,0.2357,0.6813,0.9789,1.0,18,-1.3155,39.8055,0.407,0.1675
LDqozfzjaNU_003,LDqozfzjaNU,Edge Rushers,EDGE,DL,STRONG,DL-36,36,1.0,test,ok,,4.64,1.64,1.7352,100.1,187,33.33,0.0108,0.9996,1.0,0.9999,0.0614,0.2361,0.681,0.9716,1.0,23,-1.0416,39.528,0.406,0.1466
LDqozfzjaNU_004,LDqozfzjaNU,Edge Rushers,EDGE,DL,STRONG,DL-39,39,1.0,test,ok,,4.7,1.7,1.8289,130.1634,189,33.784,0.0178,1.001,1.0,0.9999,0.0629,0.235,0.6783,0.972,1.0,42,-1.5358,39.6202,0.411,0.1291
LDqozfzjaNU_005,LDqozfzjaNU,Edge Rushers,EDGE,DL,STRONG,DL-40,40,1.0,train,ok,,4.64,1.64,1.7712,144.8447,188,33.579,0.0114,0.9996,1.0,0.9999,0.1265,0.234,0.6817,0.9858,1.0,37,-1.6633,39.4519,0.399,0.1709
LDqozfzjaNU_006,LDqozfzjaNU,Edge Rushers,EDGE,DL,STRONG,DL-41,41,1.0,test,ok,,4.6,1.59,1.7276,160.0265,186,33.811,0.0166,0.9937,0.995,0.9999,0.0966,0.2351,0.683,0.9643,1.0,30,-1.1006,39.6372,0.412,0.1523
LDqozfzjaNU_007,LDqozfzjaNU,Edge Rushers,EDGE,DL,STRONG,DL-43,43,1.0,train,ok,,4.74,1.73,1.829,191.4913,190,33.524,0.0129,0.9996,1.0,0.9999,0.1074,0.2365,0.6836,0.9792,1.0,20,-1.459,39.5601,0.39,0.1669
LDqozfzjaNU_008,LDqozfzjaNU,Edge Rushers,EDGE,DL,STRONG,DL-45,45,1.0,test,ok,,4.74,1.69,1.7997,208.3081,190,34.048,0.0121,0.9926,1.0,0.9999,0.1141,0.2338,0.6816,0.9792,1.0,15,-0.9003,39.9187,0.408,0.3157
LDqozfzjaNU_009,LDqozfzjaNU,Edge Rushers,EDGE,DL,STRONG,DL-47,47,1.0,train,ok,,4.91,1.7,1.8481,224.5577,196,33.227,0.0125,0.999,1.0,0.9998,0.0821,0.2293,0.6809,0.9732,1.0,25,-1.2862,39.7621,0.427,0.1672
LDqozfzjaNU_010,LDqozfzjaNU,Edge Rushers,EDGE,DL,STRONG,DL-48,48,1.0,train,ok,,4.53,1.58,1.7019,236.3361,184,34.054,0.0119,0.9944,1.0,0.9999,0.0762,0.2314,0.68,0.9635,1.0,52,-1.1789,39.6492,0.433,0.1549
LDqozfzjaNU_011,LDqozfzjaNU,Edge Rushers,EDGE,DL,STRONG,DL-49,49,1.0,test,ok,,4.85,1.67,1.7873,249.7829,194,34.113,0.0104,0.9976,1.0,0.9998,0.0648,0.2307,0.685,0.9456,1.0,21,-1.4444,39.8412,0.382,0.1789
LDqozfzjaNU_012,LDqozfzjaNU,Edge Rushers,EDGE,DL,STRONG,DL-53,53,1.0,train,ok,,4.55,1.6,1.704,261.8616,185,33.257,0.018,0.9973,1.0,0.9998,0.1056,0.2299,0.6808,0.9855,1.0,53,-1.1121,39.6806,0.424,0.1571
LDqozfzjaNU_013,LDqozfzjaNU,Edge Rushers,EDGE,DL,STRONG,DL-54,54,1.0,,rejected,x_at_stop_err=2.21,4.91,1.71,,283.7501,196,34.298,0.0119,0.999,1.0,0.9999,0.1146,0.2358,0.6841,0.9732,1.0,55,-1.0948,37.7899,0.375,1.8203
LDqozfzjaNU_014,LDqozfzjaNU,Edge Rushers,EDGE,DL,STRONG,DL-55,55,1.0,train,ok,,4.68,1.62,1.7228,310.1432,189,34.001,0.0108,0.991,1.0,0.9999,0.1437,0.2347,0.6855,0.9507,1.0,20,-1.3339,39.4696,0.459,0.1375
LDqozfzjaNU_015,LDqozfzjaNU,Edge Rushers,EDGE,DL,STRONG,DL-58,58,1.0,test,ok,,4.79,1.61,1.7322,343.8101,192,33.817,0.0119,0.9961,1.0,0.9999,0.0951,0.2305,0.6826,0.9589,1.0,58,-1.2858,39.7733,0.427,0.1512
LDqozfzjaNU_016,LDqozfzjaNU,Edge Rushers,EDGE,DL,STRONG,DL-60,60,1.0,test,ok,,4.67,1.64,1.7615,359.8261,188,33.543,0.0129,1.0003,1.0,0.9999,0.121,0.2327,0.6837,0.9718,1.0,32,-1.2675,39.4636,0.395,0.1403
LDqozfzjaNU_017,LDqozfzjaNU,Edge Rushers,EDGE,DL,STRONG,DL-61,61,1.0,train,ok,,4.74,1.64,1.773,384.4507,190,33.941,0.0115,0.9926,1.0,0.9999,0.0702,0.234,0.6824,0.9792,1.0,24,-1.3191,39.5157,0.381,0.1526
LDqozfzjaNU_018,LDqozfzjaNU,Edge Rushers,EDGE,DL,STRONG,DL-30,30,2.0,train,ok,,4.85,,1.8114,410.0763,194,33.226,0.0169,1.0044,1.0,0.9999,0.0606,0.2355,0.6835,0.9728,1.0,55,-1.1967,39.8205,0.415,0.1455
LDqozfzjaNU_019,LDqozfzjaNU,Edge Rushers,EDGE,DL,STRONG,DL-31,31,2.0,test,rejected,x_at_stop_err=2.17,4.54,,,444.2104,185,33.674,0.0115,0.9922,1.0,0.9999,0.0704,0.2348,0.6804,0.9638,1.0,48,-1.3993,37.8304,0.495,1.7987
LDqozfzjaNU_020,LDqozfzjaNU,Edge Rushers,EDGE,DL,STRONG,DL-36,36,2.0,test,ok,,4.65,,1.7201,481.9148,188,33.799,0.0191,0.9974,1.0,0.9998,0.0874,0.23,0.6822,0.9577,1.0,32,-0.9477,39.5884,0.394,0.1577
LDqozfzjaNU_021,LDqozfzjaNU,Edge Rushers,EDGE,DL,STRONG,DL-39,39,2.0,test,ok,,4.66,,1.8136,494.3272,188,33.633,0.0138,1.0526,0.952,0.9999,0.0678,0.2325,0.6802,0.9718,1.0,41,-1.6082,39.6072,0.412,0.1377
LDqozfzjaNU_022,LDqozfzjaNU,Edge Rushers,EDGE,DL,STRONG,DL-40,40,2.0,train,ok,,4.65,,1.732,506.506,188,33.482,0.0196,0.9974,0.872,0.9998,0.1105,0.2357,0.6839,0.9645,1.0,25,-1.5769,39.9397,0.473,0.216
LDqozfzjaNU_023,LDqozfzjaNU,Edge Rushers,EDGE,DL,STRONG,DL-41,41,2.0,test,ok,,4.6,,1.7077,515.5817,186,33.816,0.017,0.9937,0.989,0.9999,0.1269,0.2382,0.685,0.9714,1.0,19,-1.157,39.6119,0.403,0.1411
LDqozfzjaNU_024,LDqozfzjaNU,Edge Rushers,EDGE,DL,STRONG,DL-43,43,2.0,train,ok,,4.76,,1.796,559.4589,191,33.765,0.0117,0.9954,1.0,0.9999,0.0868,0.2361,0.6844,0.9517,1.0,23,-1.4123,39.6894,0.403,0.1448
LDqozfzjaNU_025,LDqozfzjaNU,Edge Rushers,EDGE,DL,STRONG,DL-45,45,2.0,test,ok,,4.7,,1.7562,578.7448,189,33.606,0.0158,1.001,1.0,0.9999,0.0964,0.2345,0.6824,0.986,1.0,16,-0.8222,39.7227,0.398,0.2552
LDqozfzjaNU_026,LDqozfzjaNU,Edge Rushers,EDGE,DL,STRONG,DL-48,48,2.0,train,rejected,turf_min=0.0744;turf_median=0.195;lane_frac=0;track_frac=0;start_support=0;x_at_stop_err=nan;x_at_zero=nan;max_step_yd=nan,4.53,,,593.226,184,33.535,0.0108,1.0017,1.0,0.9999,0.0503,0.0744,0.1946,0.0,0.0,0,,,,
LDqozfzjaNU_027,LDqozfzjaNU,Edge Rushers,EDGE,DL,STRONG,DL-49,49,2.0,test,rejected,turf_min=0.0752;turf_median=0.194;track_frac=0;start_support=2;x_at_stop_err=nan;x_at_zero=nan;max_step_yd=nan,4.81,,,616.6827,193,33.659,0.0113,0.9989,1.0,0.9999,0.0336,0.0752,0.1939,0.9452,0.0,2,,,,2.0614
LDqozfzjaNU_028,LDqozfzjaNU,Edge Rushers,EDGE,DL,STRONG,DL-53,53,2.0,train,rejected,turf_min=0.0751;turf_median=0.195;start_support=3;x_at_stop_err=3.39;max_step_yd=1.27,4.54,,,641.9747,185,33.223,0.014,0.9922,1.0,0.9999,0.0403,0.0751,0.1949,0.9855,1.0,3,-0.693,36.6131,1.274,2.1004
LDqozfzjaNU_029,LDqozfzjaNU,Edge Rushers,EDGE,DL,STRONG,DL-54,54,2.0,,rejected,turf_min=0.0743;turf_median=0.195;track_frac=0;start_support=2;x_at_stop_err=nan;x_at_zero=nan;max_step_yd=nan,4.87,,,668.1008,194,33.495,0.011,1.0003,1.0,0.9999,0.0708,0.0743,0.1946,0.9392,0.0,2,,,,1.2772
LDqozfzjaNU_030,LDqozfzjaNU,Edge Rushers,EDGE,DL,STRONG,DL-55,55,2.0,train,rejected,turf_min=0.0755;turf_median=0.197;lane_frac=0;track_frac=0;start_support=0;x_at_stop_err=nan;x_at_zero=nan;max_step_yd=nan,4.73,,,693.8598,190,34.107,0.0108,0.9947,1.0,0.9999,0.0601,0.0755,0.1975,0.0,0.0,0,,,,
LDqozfzjaNU_031,LDqozfzjaNU,Edge Rushers,EDGE,DL,STRONG,DL-58,58,2.0,test,rejected,turf_min=0.0739;turf_median=0.195;lane_frac=0;track_frac=0;start_support=0;x_at_stop_err=nan;x_at_zero=nan;max_step_yd=nan,4.84,,,720.8868,194,33.534,0.0138,0.9996,1.0,0.9999,0.0544,0.0739,0.1952,0.0,0.0,0,,,,
LDqozfzjaNU_032,LDqozfzjaNU,Edge Rushers,EDGE,DL,STRONG,DL-60,60,2.0,test,rejected,turf_min=0.0752;turf_median=0.195;track_frac=0;start_support=1;x_at_stop_err=nan;x_at_zero=nan;max_step_yd=nan,4.74,,,744.1768,191,34.298,0.0148,0.9926,1.0,0.9999,0.0691,0.0752,0.1945,0.9167,0.0,1,,,,1.724
LDqozfzjaNU_033,LDqozfzjaNU,Edge Rushers,EDGE,DL,STRONG,DL-61,61,2.0,train,rejected,turf_min=0.0748;turf_median=0.194;track_frac=0;start_support=1;x_at_stop_err=nan;x_at_zero=nan;max_step_yd=nan,4.78,,,769.8024,192,34.194,0.0173,0.9982,1.0,0.9999,0.0538,0.0748,0.1945,0.931,0.0,1,,,,1.8569
Sr-Q6UjJq6g_000,Sr-Q6UjJq6g,Defensive Line,DT,DL,LINEMAN,DL-1,1,1.0,test,ok,,5.11,1.79,1.8752,1.1011,202,33.85,0.0177,0.9925,1.0,0.9999,0.0875,0.2372,0.6818,0.9806,1.0,62,-1.3884,39.7351,0.365,0.1665
Sr-Q6UjJq6g_001,Sr-Q6UjJq6g,Defensive Line,DT,DL,LINEMAN,DL-2,2,1.0,test,ok,,5.05,1.76,1.8531,19.9866,200,32.888,0.0104,0.9977,0.939,0.9999,0.0611,0.239,0.6795,0.9675,1.0,33,-1.1354,39.819,0.451,0.2384
Sr-Q6UjJq6g_002,Sr-Q6UjJq6g,Defensive Line,DT,DL,LINEMAN,DL-3,3,1.0,train,rejected,turf_min=0.137;turf_median=0.256;lane_frac=0;track_frac=0;start_support=0;x_at_stop_err=nan;x_at_zero=nan;max_step_yd=nan,5.11,1.7,,38.4718,202,33.519,0.0118,0.999,1.0,0.9999,0.0413,0.1367,0.2563,0.0,0.0,0,,,,
Sr-Q6UjJq6g_003,Sr-Q6UjJq6g,Defensive Line,DT,DL,LINEMAN,DL-5,5,1.0,test,ok,,4.85,1.72,1.8086,54.6546,194,32.926,0.0162,0.9976,1.0,0.9999,0.0832,0.2404,0.6808,0.9662,1.0,50,-1.3209,39.792,0.44,0.1584
Sr-Q6UjJq6g_004,Sr-Q6UjJq6g,Defensive Line,DT,DL,LINEMAN,DL-6,6,1.0,train,ok,,5.12,1.78,1.9034,66.2996,202,32.784,0.0178,0.9971,0.965,0.9999,0.0817,0.2397,0.6797,0.9615,1.0,28,-1.3421,39.6506,0.359,0.1789
Sr-Q6UjJq6g_005,Sr-Q6UjJq6g,Defensive Line,DT,DL,LINEMAN,DL-8,8,1.0,train,ok,,4.76,1.66,1.7706,77.5441,191,33.208,0.0115,0.9954,1.0,0.9999,0.0872,0.237,0.6813,0.9653,1.0,43,-1.4068,39.709,0.419,0.171
Sr-Q6UjJq6g_006,Sr-Q6UjJq6g,Defensive Line,DT,DL,LINEMAN,DL-9,9,1.0,test,ok,,5.12,1.78,1.8898,89.9899,202,33.048,0.0107,0.6908,0.896,0.9999,0.0694,0.2411,0.6806,0.9419,1.0,26,-1.3141,39.8705,0.361,0.2475
Sr-Q6UjJq6g_007,Sr-Q6UjJq6g,Defensive Line,DT,DL,LINEMAN,DL-12,12,1.0,test,ok,,4.88,1.68,1.7825,118.6519,195,34.186,0.0158,0.9983,1.0,0.9999,0.1366,0.239,0.6786,0.973,1.0,43,-1.3127,39.7489,0.452,0.1659
Sr-Q6UjJq6g_008,Sr-Q6UjJq6g,Defensive Line,DT,DL,LINEMAN,DL-13,13,1.0,train,rejected,x_at_stop_err=1.63;max_step_yd=0.815,4.83,1.7,,134.8681,193,33.552,0.018,1.0017,0.938,0.9999,0.0592,0.2352,0.6783,0.9728,1.0,33,-1.3687,41.6263,0.815,0.738
Sr-Q6UjJq6g_009,Sr-Q6UjJq6g,Defensive Line,DT,DL,LINEMAN,DL-15,15,1.0,train,ok,,5.25,1.82,1.9505,164.2975,206,34.298,0.0117,0.9978,1.0,0.9999,0.0735,0.2395,0.6807,0.9686,1.0,27,-1.1546,39.6264,0.361,0.1534
Sr-Q6UjJq6g_010,Sr-Q6UjJq6g,Defensive Line,DT,DL,LINEMAN,DL-18,18,1.0,,rejected,x_at_zero=11.1;max_step_yd=3.71,5.32,1.84,,180.547,208,33.982,0.018,0.8154,0.832,0.9999,0.311,0.2457,0.6813,0.9506,0.9877,23,11.1094,39.8176,3.706,0.1702
Sr-Q6UjJq6g_011,Sr-Q6UjJq6g,Defensive Line,DT,DL,LINEMAN,DL-19,19,1.0,test,ok,,4.88,1.69,1.8122,217.3171,195,33.711,0.0105,0.9983,1.0,0.9999,0.1425,0.2415,0.6814,0.9865,1.0,28,-1.0171,39.5788,0.458,0.1619
Sr-Q6UjJq6g_012,Sr-Q6UjJq6g,Defensive Line,DT,DL,LINEMAN,DL-20,20,1.0,train,ok,,5.05,1.8,1.9278,232.6658,200,33.422,0.0112,0.9977,1.0,0.9998,0.1245,0.2375,0.6786,0.9739,1.0,48,-1.1503,39.4946,0.415,0.1536
Sr-Q6UjJq6g_013,Sr-Q6UjJq6g,Defensive Line,DT,DL,LINEMAN,DL-25,25,1.0,train,rejected,x_at_stop_err=2.05,4.8,1.69,,245.2116,192,33.406,0.0133,1.001,1.0,0.9999,0.1566,0.2396,0.6779,0.9658,1.0,62,-1.0312,37.946,0.519,1.6656
Sr-Q6UjJq6g_014,Sr-Q6UjJq6g,Defensive Line,DT,DL,LINEMAN,DL-1,1,2.0,test,ok,,5.13,,1.9216,275.0414,202,33.704,0.0116,0.9951,1.0,0.9999,0.0592,0.2396,0.6809,0.9551,1.0,21,-1.6106,39.7076,0.431,0.152
Sr-Q6UjJq6g_015,Sr-Q6UjJq6g,Defensive Line,DT,DL,LINEMAN,DL-2,2,2.0,test,ok,,5.13,,1.8746,315.1482,202,33.751,0.0161,0.9951,1.0,0.9999,0.1653,0.239,0.681,0.9744,1.0,28,-1.2799,39.8628,0.358,0.1861
Sr-Q6UjJq6g_016,Sr-Q6UjJq6g,Defensive Line,DT,DL,LINEMAN,DL-3,3,2.0,train,ok,,5.11,,1.8425,337.8709,202,33.167,0.0183,0.999,1.0,0.9999,0.085,0.2417,0.6811,0.9419,0.9677,42,-1.3518,39.333,0.362,0.1586
Sr-Q6UjJq6g_017,Sr-Q6UjJq6g,Defensive Line,DT,DL,LINEMAN,DL-5,5,2.0,test,ok,,4.86,,1.8335,350.2833,194,34.223,0.0107,0.9955,1.0,0.9999,0.12,0.2438,0.6804,0.9524,1.0,61,-1.4467,39.7575,0.492,0.1584
Sr-Q6UjJq6g_018,Sr-Q6UjJq6g,Defensive Line,DT,DL,LINEMAN,DL-6,6,2.0,train,ok,,5.22,,1.907,364.2973,205,33.591,0.012,0.9972,1.0,0.9999,0.1103,0.2429,0.6831,0.9623,1.0,35,-1.5644,39.7357,0.49,0.1347
Sr-Q6UjJq6g_019,Sr-Q6UjJq6g,Defensive Line,DT,DL,LINEMAN,DL-9,9,2.0,test,ok,,5.09,,1.8871,391.9582,201,33.322,0.011,0.9964,1.0,0.9998,0.0951,0.2424,0.6825,0.9545,1.0,21,-1.3912,39.433,0.502,0.2629
Sr-Q6UjJq6g_020,Sr-Q6UjJq6g,Defensive Line,DT,DL,LINEMAN,DL-12,12,2.0,test,ok,,4.9,,1.8305,406.6729,195,33.366,0.0124,0.9942,1.0,0.9998,0.1144,0.2408,0.6766,0.9799,1.0,33,-1.3294,39.5523,0.378,0.1565
Sr-Q6UjJq6g_021,Sr-Q6UjJq6g,Defensive Line,DT,DL,LINEMAN,DL-13,13,2.0,train,ok,,4.86,,1.8522,427.2602,194,34.027,0.0166,1.0024,1.0,0.9999,0.074,0.2428,0.6759,0.9796,1.0,32,-1.5175,39.7556,0.444,0.1457
Sr-Q6UjJq6g_022,Sr-Q6UjJq6g,Defensive Line,DT,DL,LINEMAN,DL-15,15,2.0,train,rejected,clock_resid_p95=4.84,5.18,,,438.3045,204,32.809,4.8387,1.0564,0.941,0.9999,0.0927,0.243,0.6839,0.9684,1.0,20,-1.055,39.6049,0.361,0.2598
Sr-Q6UjJq6g_023,Sr-Q6UjJq6g,Defensive Line,DT,DL,LINEMAN,DL-19,19,2.0,test,ok,,4.92,,1.8155,448.3813,196,33.615,0.0123,0.9969,0.964,0.9999,0.1221,0.2463,0.6809,0.9733,1.0,21,-1.0377,39.7898,0.373,0.1527
Sr-Q6UjJq6g_024,Sr-Q6UjJq6g,Defensive Line,DT,DL,LINEMAN,DL-20,20,2.0,train,ok,,5.08,,1.9,463.8968,201,32.321,0.0118,0.9984,1.0,0.9999,0.0677,0.2449,0.6792,0.974,1.0,56,-1.3948,39.6824,0.416,0.162
Sr-Q6UjJq6g_025,Sr-Q6UjJq6g,Defensive Line,DT,DL,LINEMAN,DL-25,25,2.0,train,ok,,4.84,,1.8315,484.8177,193,33.325,0.0174,0.9996,1.0,0.9999,0.0918,0.2452,0.6792,0.966,1.0,50,-0.9883,40.0077,0.4,0.3718
UcatZ1FYe5E_000,UcatZ1FYe5E,Safeties,SAF,DB,SKILL,DB-33,33,1.0,train,rejected,max_cut=0.573;turf_min=0.00387;lane_frac=0.89;track_frac=0;x_at_stop_err=nan;x_at_zero=nan;max_step_yd=nan,4.48,,,4.1375,183,33.408,0.0153,0.6703,1.0,0.9999,0.5734,0.0039,0.6856,0.8897,0.0,14,,,,0.2296
UcatZ1FYe5E_001,UcatZ1FYe5E,Safeties,SAF,DB,SKILL,DB-35,35,1.0,test,ok,,4.56,,1.7044,31.4981,185,33.12,0.0165,1.0025,1.0,0.9999,0.066,0.2465,0.6869,0.9783,1.0,56,-1.3406,39.6385,0.441,0.1442
UcatZ1FYe5E_002,UcatZ1FYe5E,Safeties,SAF,DB,SKILL,DB-36,36,1.0,test,ok,,4.54,,1.7231,45.2452,185,33.917,0.0169,0.9995,1.0,0.9999,0.1193,0.2447,0.6832,0.9783,1.0,26,-1.0348,39.8857,0.426,0.1563
UcatZ1FYe5E_003,UcatZ1FYe5E,Safeties,SAF,DB,SKILL,DB-38,38,1.0,test,ok,,4.41,,1.6853,62.6292,181,33.941,0.0121,0.9912,1.0,0.9999,0.1261,0.2409,0.6819,0.9778,1.0,28,-1.2475,39.4372,0.423,0.1731
UcatZ1FYe5E_004,UcatZ1FYe5E,Safeties,SAF,DB,SKILL,DB-39,39,1.0,train,ok,,4.42,,1.6838,86.086,181,33.73,0.0148,0.9965,1.0,0.9999,0.078,0.2414,0.6838,0.9926,1.0,60,-1.4609,39.7109,0.423,0.1547
UcatZ1FYe5E_005,UcatZ1FYe5E,Safeties,SAF,DB,SKILL,DB-40,40,1.0,train,ok,,4.55,,1.7016,101.5681,185,34.228,0.0112,0.9973,1.0,0.9999,0.078,0.2423,0.684,0.971,1.0,37,-1.1471,39.7752,0.453,0.1548
UcatZ1FYe5E_006,UcatZ1FYe5E,Safeties,SAF,DB,SKILL,DB-43,43,1.0,train,ok,,4.48,,1.7243,128.9622,183,34.013,0.0115,0.998,1.0,0.9999,0.069,0.2489,0.6785,0.9853,1.0,33,-1.0927,39.5987,0.438,0.1521
UcatZ1FYe5E_007,UcatZ1FYe5E,Safeties,SAF,DB,SKILL,DB-44,44,1.0,test,ok,,4.41,,1.6495,148.5818,181,33.588,0.0109,0.9912,1.0,0.9999,0.0717,0.2463,0.6875,0.9851,1.0,36,-1.0463,39.8035,0.467,0.1305
UcatZ1FYe5E_008,UcatZ1FYe5E,Safeties,SAF,DB,SKILL,DB-45,45,1.0,train,ok,,4.47,,1.6752,188.5884,182,33.015,0.0115,0.9928,1.0,0.9999,0.0768,0.2422,0.6851,0.9778,1.0,31,-1.0668,39.576,0.414,0.1465
UcatZ1FYe5E_009,UcatZ1FYe5E,Safeties,SAF,DB,SKILL,DB-48,48,1.0,train,ok,,4.32,,1.6182,212.3788,178,32.834,0.0119,0.9964,1.0,0.9999,0.0764,0.2419,0.683,0.9924,1.0,25,-0.935,39.8886,0.52,0.2727
UcatZ1FYe5E_010,UcatZ1FYe5E,Safeties,SAF,DB,SKILL,DB-49,49,1.0,test,ok,,4.34,,1.6045,251.5513,179,33.831,0.0144,0.9918,1.0,0.9999,0.0876,0.2445,0.685,0.9621,1.0,24,-1.136,39.9289,0.426,0.1361
UcatZ1FYe5E_011,UcatZ1FYe5E,Safeties,SAF,DB,SKILL,DB-50,50,1.0,test,ok,,4.28,,1.5978,283.65,177,33.805,0.0125,0.9901,1.0,0.9999,0.069,0.2442,0.6827,0.9771,1.0,24,-1.1304,39.5162,0.417,0.1671
UcatZ1FYe5E_012,UcatZ1FYe5E,Safeties,SAF,DB,SKILL,DB-51,51,1.0,test,ok,,4.5,,1.6881,337.971,183,33.977,0.0156,0.9936,1.0,0.9999,0.0899,0.2495,0.6841,0.9854,1.0,23,-1.1299,39.3477,0.407,0.1321
UcatZ1FYe5E_013,UcatZ1FYe5E,Safeties,SAF,DB,SKILL,DB-33,33,2.0,train,ok,,4.44,,1.6888,378.9119,181,34.161,0.0107,0.9694,1.0,0.9995,0.0641,0.2491,0.6928,0.9481,1.0,29,-1.5166,39.4195,0.507,0.1461
UcatZ1FYe5E_014,UcatZ1FYe5E,Safeties,SAF,DB,SKILL,DB-35,35,2.0,test,ok,,4.57,,1.7137,392.0917,185,33.063,0.0118,0.993,1.0,0.9998,0.0688,0.254,0.6926,0.9496,0.9928,62,-1.2695,39.7799,0.399,0.1583
UcatZ1FYe5E_015,UcatZ1FYe5E,Safeties,SAF,DB,SKILL,DB-36,36,2.0,test,ok,,4.53,,1.7158,404.7377,184,33.416,0.0129,1.0017,1.0,0.9998,0.0615,0.2487,0.6894,0.9928,1.0,34,-1.1391,39.7346,0.437,0.146
UcatZ1FYe5E_016,UcatZ1FYe5E,Safeties,SAF,DB,SKILL,DB-38,38,2.0,test,ok,,4.45,,1.6743,416.2158,182,33.82,0.0108,0.9898,0.978,0.9998,0.1347,0.254,0.6898,0.9706,1.0,49,-0.8306,39.7751,0.443,0.3153
UcatZ1FYe5E_017,UcatZ1FYe5E,Safeties,SAF,DB,SKILL,DB-39,39,2.0,train,ok,,4.4,,1.6805,429.796,180,33.489,0.0122,1.001,1.0,0.9999,0.0697,0.2525,0.6883,0.9925,1.0,61,-1.5877,39.6209,0.423,0.1403
UcatZ1FYe5E_018,UcatZ1FYe5E,Safeties,SAF,DB,SKILL,DB-40,40,2.0,train,ok,,4.53,,1.6897,441.9749,184,33.616,0.0167,1.0017,1.0,0.9999,0.0796,0.2497,0.6916,0.971,1.0,29,-1.2709,39.6078,0.4,0.1467
UcatZ1FYe5E_019,UcatZ1FYe5E,Safeties,SAF,DB,SKILL,DB-43,43,2.0,train,ok,,4.49,,1.7267,452.819,183,33.546,0.0113,1.0032,1.0,0.9999,0.073,0.25,0.6873,0.9927,1.0,23,-1.1617,39.61,0.434,0.1177
UcatZ1FYe5E_020,UcatZ1FYe5E,Safeties,SAF,DB,SKILL,DB-44,44,2.0,test,ok,,4.42,,1.6821,466.1991,181,33.458,0.0118,0.9965,1.0,0.9999,0.0876,0.2507,0.6886,0.9627,1.0,24,-1.057,39.6838,0.463,0.1478
UcatZ1FYe5E_021,UcatZ1FYe5E,Safeties,SAF,DB,SKILL,DB-50,50,2.0,test,ok,,4.28,,1.6045,485.852,177,33.519,0.0121,1.0057,1.0,0.9999,0.0661,0.2518,0.6902,0.9769,1.0,33,-1.0995,39.3868,0.441,0.146
UcatZ1FYe5E_022,UcatZ1FYe5E,Safeties,SAF,DB,SKILL,DB-51,51,2.0,test,ok,,4.55,,1.7023,523.9901,185,34.03,0.0163,0.9973,1.0,0.9999,0.0937,0.2519,0.6891,0.971,1.0,18,-1.0588,39.7432,0.423,0.1561
W23Nvg3rw6U_000,W23Nvg3rw6U,Offensive Lineman Group 1,OL,OL,LINEMAN,OL-2,2,1.0,test,ok,,5.12,1.77,1.9155,44.8782,202,33.452,0.0193,0.9906,1.0,0.9999,0.0694,0.2314,0.682,0.9677,1.0,61,-1.2112,39.257,0.351,0.1317
W23Nvg3rw6U_001,W23Nvg3rw6U,Offensive Lineman Group 1,OL,OL,LINEMAN,OL-3,3,1.0,test,ok,,5.27,1.82,1.9558,66.5665,206,34.2,0.0123,0.994,1.0,0.9999,0.0739,0.232,0.6797,0.9688,1.0,43,-1.1434,39.3714,0.338,0.146
W23Nvg3rw6U_002,W23Nvg3rw6U,Offensive Lineman Group 1,OL,OL,LINEMAN,OL-4,4,1.0,train,rejected,x_at_stop_err=1.98;x_at_zero=-2.9,5.5,1.89,,79.9465,213,32.731,0.0112,0.9949,1.0,0.9999,0.0615,0.236,0.6817,0.9461,1.0,34,-2.9044,38.0183,0.597,0.5279
W23Nvg3rw6U_003,W23Nvg3rw6U,Offensive Lineman Group 1,OL,OL,LINEMAN,OL-5,5,1.0,train,ok,,5.03,1.77,1.8726,102.0353,199,34.024,0.0162,0.995,0.918,0.9999,0.1068,0.2323,0.6809,0.9737,1.0,48,-1.242,39.5039,0.369,0.2288
W23Nvg3rw6U_004,W23Nvg3rw6U,Offensive Lineman Group 1,OL,OL,LINEMAN,OL-6,6,1.0,train,ok,,5.12,1.78,1.9569,143.8103,202,34.022,0.0118,0.9971,1.0,0.9999,0.0642,0.2302,0.6765,0.9677,1.0,67,-1.2526,39.3655,0.445,0.1554
W23Nvg3rw6U_005,W23Nvg3rw6U,Offensive Lineman Group 1,OL,OL,LINEMAN,OL-7,7,1.0,test,ok,,5.02,1.73,1.8675,163.9304,199,34.238,0.0127,0.997,1.0,0.9998,0.0851,0.2321,0.6814,0.9737,1.0,42,-1.0449,39.5629,0.411,0.1703
W23Nvg3rw6U_006,W23Nvg3rw6U,Offensive Lineman Group 1,OL,OL,LINEMAN,OL-9,9,1.0,train,ok,,5.18,1.8,1.9141,175.3085,204,33.473,0.0132,1.0049,1.0,0.9998,0.0644,0.2312,0.6789,0.9682,1.0,44,-1.3544,39.8716,0.473,0.1519
W23Nvg3rw6U_007,W23Nvg3rw6U,Offensive Lineman Group 1,OL,OL,LINEMAN,OL-10,10,1.0,train,ok,,4.96,1.78,1.911,187.5874,197,33.588,0.0105,1.0023,1.0,0.9998,0.0946,0.2323,0.677,0.947,1.0,36,-1.3131,39.2892,0.374,0.1631
W23Nvg3rw6U_008,W23Nvg3rw6U,Offensive Lineman Group 1,OL,OL,LINEMAN,OL-11,11,1.0,train,ok,,5.07,1.75,1.9039,200.0999,200,33.432,0.0206,0.9938,1.0,0.9998,0.0954,0.2311,0.6835,0.974,1.0,40,-1.1428,39.2225,0.453,0.1805
W23Nvg3rw6U_009,W23Nvg3rw6U,Offensive Lineman Group 1,OL,OL,LINEMAN,OL-12,12,1.0,test,ok,,5.22,1.86,1.9415,210.577,205,33.609,0.017,0.9972,0.946,0.9999,0.0798,0.2309,0.6789,0.956,1.0,66,-1.1196,39.7806,0.377,0.2922
W23Nvg3rw6U_010,W23Nvg3rw6U,Offensive Lineman Group 1,OL,OL,LINEMAN,OL-13,13,1.0,test,ok,,5.21,1.85,1.9757,221.8216,205,33.387,0.012,0.9991,0.873,0.9999,0.0904,0.2334,0.6787,0.9747,1.0,39,-1.4208,39.5753,0.363,0.1651
W23Nvg3rw6U_011,W23Nvg3rw6U,Offensive Lineman Group 1,OL,OL,LINEMAN,OL-16,16,1.0,test,rejected,turf_min=0.137;turf_median=0.257,5.16,1.8,,242.4422,203,34.084,0.0117,0.9958,1.0,0.9999,0.0326,0.1365,0.2571,0.9679,1.0,20,-0.4723,38.8404,0.367,1.2436
W23Nvg3rw6U_012,W23Nvg3rw6U,Offensive Lineman Group 1,OL,OL,LINEMAN,OL-17,17,1.0,test,rejected,turf_min=0.135;turf_median=0.256,4.95,1.75,,275.9757,197,32.186,0.0115,0.9976,1.0,0.9999,0.05,0.1352,0.2558,0.9867,1.0,8,-0.7937,38.9912,0.376,1.1938
W23Nvg3rw6U_013,W23Nvg3rw6U,Offensive Lineman Group 1,OL,OL,LINEMAN,OL-18,18,1.0,train,ok,,5.16,1.79,1.9276,292.0584,203,33.76,0.0116,0.9958,1.0,0.9999,0.0614,0.2297,0.6777,0.9618,1.0,44,-1.2638,39.4526,0.364,0.1459
W23Nvg3rw6U_014,W23Nvg3rw6U,Offensive Lineman Group 1,OL,OL,LINEMAN,OL-19,19,1.0,train,ok,,5.37,1.86,2.0184,338.1712,209,33.271,0.0189,1.0004,1.0,0.9999,0.0765,0.2308,0.6804,0.9571,1.0,41,-1.1055,39.6327,0.352,0.1764
W23Nvg3rw6U_015,W23Nvg3rw6U,Offensive Lineman Group 1,OL,OL,LINEMAN,OL-20,20,1.0,train,ok,,5.19,1.84,1.9725,362.6957,204,32.403,0.017,0.9901,1.0,0.9999,0.0977,0.2307,0.6755,0.9682,1.0,42,-1.4905,39.3368,0.379,0.1461
W23Nvg3rw6U_016,W23Nvg3rw6U,Offensive Lineman Group 1,OL,OL,LINEMAN,OL-22,22,1.0,test,rejected,clock_coverage=0.578;panel_min_corr=-0.4;max_cut=0.514;turf_min=0.000167;lane_frac=0;track_frac=0;start_support=0;x_at_stop_err=nan;x_at_zero=nan;max_step_yd=nan,4.91,1.73,,391.7914,196,33.541,0.0122,0.5776,1.0,-0.3996,0.5135,0.0002,0.6769,0.0,0.0,0,,,,
W23Nvg3rw6U_017,W23Nvg3rw6U,Offensive Lineman Group 1,OL,OL,LINEMAN,OL-23,23,1.0,train,ok,,4.93,1.76,1.8992,423.0226,196,32.363,0.0133,0.9949,1.0,0.9999,0.0656,0.231,0.6793,0.9467,1.0,39,-1.2798,39.3392,0.417,0.1636
W23Nvg3rw6U_018,W23Nvg3rw6U,Offensive Lineman Group 1,OL,OL,LINEMAN,OL-24,24,1.0,test,ok,,4.95,1.72,1.8706,442.809,197,33.17,0.0117,0.9976,1.0,0.9999,0.1028,0.2334,0.6791,0.96,1.0,38,-1.1845,39.5431,0.392,0.1422
W23Nvg3rw6U_019,W23Nvg3rw6U,Offensive Lineman Group 1,OL,OL,LINEMAN,OL-27,27,1.0,train,ok,,5.1,1.74,1.8848,476.2424,201,33.116,0.0157,0.9945,1.0,0.9999,0.0833,0.2306,0.6776,0.9351,1.0,43,-1.3082,41.4877,0.767,0.188
W23Nvg3rw6U_020,W23Nvg3rw6U,Offensive Lineman Group 1,OL,OL,LINEMAN,OL-28,28,1.0,train,ok,,5.09,1.84,1.9229,501.5344,201,33.476,0.0128,0.9899,1.0,0.9999,0.0707,0.2295,0.6805,0.9613,1.0,36,-1.3051,39.5019,0.47,0.2335
W23Nvg3rw6U_021,W23Nvg3rw6U,Offensive Lineman Group 1,OL,OL,LINEMAN,OL-2,2,2.0,test,ok,,5.12,,1.9109,579.7792,202,33.591,0.012,1.0036,1.0,0.9998,0.074,0.2331,0.6777,0.9615,1.0,43,-1.117,39.6585,0.416,0.1607
W23Nvg3rw6U_022,W23Nvg3rw6U,Offensive Lineman Group 1,OL,OL,LINEMAN,OL-3,3,2.0,test,ok,,5.25,,1.9473,594.1936,206,32.277,0.0112,0.9978,1.0,0.9998,0.0624,0.2329,0.6742,0.9623,1.0,41,-1.1466,39.348,0.387,0.1582
W23Nvg3rw6U_023,W23Nvg3rw6U,Offensive Lineman Group 1,OL,OL,LINEMAN,OL-4,4,2.0,train,ok,,5.36,,1.9793,606.1389,209,33.306,0.0114,0.996,1.0,0.9998,0.1253,0.2358,0.6819,0.9383,1.0,32,-1.1193,39.4038,0.388,0.2014
W23Nvg3rw6U_024,W23Nvg3rw6U,Offensive Lineman Group 1,OL,OL,LINEMAN,OL-5,5,2.0,train,ok,,5.03,,1.8977,617.7505,199,33.827,0.0113,0.995,0.957,0.9998,0.1206,0.234,0.6805,0.9739,1.0,46,-1.307,39.9008,0.429,0.1985
W23Nvg3rw6U_025,W23Nvg3rw6U,Offensive Lineman Group 1,OL,OL,LINEMAN,OL-6,6,2.0,train,ok,,5.08,,1.924,640.64,201,33.942,0.0112,0.9918,1.0,0.9999,0.129,0.2296,0.6808,0.9677,1.0,66,-1.1402,39.2761,0.409,0.16
W23Nvg3rw6U_026,W23Nvg3rw6U,Offensive Lineman Group 1,OL,OL,LINEMAN,OL-7,7,2.0,test,rejected,turf_min=0.156;turf_median=0.367,4.96,,,687.3867,197,33.019,0.0115,0.9956,1.0,0.9999,0.0502,0.1557,0.3667,0.98,1.0,73,-0.9375,39.0415,0.363,1.3951
W23Nvg3rw6U_027,W23Nvg3rw6U,Offensive Lineman Group 1,OL,OL,LINEMAN,OL-9,9,2.0,train,ok,,5.19,,1.9711,723.3893,204,32.939,0.0169,0.9965,1.0,0.9999,0.0873,0.2327,0.6787,0.9557,1.0,65,-1.3654,39.5625,0.381,0.1213
W23Nvg3rw6U_028,W23Nvg3rw6U,Offensive Lineman Group 1,OL,OL,LINEMAN,OL-10,10,2.0,train,ok,,4.94,,1.8919,737.3032,196,33.52,0.0109,0.9996,1.0,0.9998,0.081,0.2353,0.678,0.9667,1.0,42,-1.2522,39.2999,0.381,0.1362
W23Nvg3rw6U_029,W23Nvg3rw6U,Offensive Lineman Group 1,OL,OL,LINEMAN,OL-11,11,2.0,train,ok,,5.02,,1.9367,749.9492,199,33.458,0.0158,0.997,1.0,0.9998,0.0997,0.2334,0.6817,0.9605,1.0,57,-1.1385,39.2529,0.373,0.157
W23Nvg3rw6U_030,W23Nvg3rw6U,Offensive Lineman Group 1,OL,OL,LINEMAN,OL-12,12,2.0,test,ok,,5.23,,1.9499,761.394,205,33.772,0.0179,1.0016,1.0,0.9998,0.0706,0.2323,0.6786,0.9497,1.0,71,-1.0331,39.7052,0.355,0.2834
W23Nvg3rw6U_031,W23Nvg3rw6U,Offensive Lineman Group 1,OL,OL,LINEMAN,OL-13,13,2.0,test,ok,,5.31,,2.046,773.6729,208,33.852,0.0111,0.9928,1.0,0.9998,0.1314,0.237,0.6807,0.9503,1.0,33,-1.2362,39.5253,0.397,0.1478
W23Nvg3rw6U_032,W23Nvg3rw6U,Offensive Lineman Group 1,OL,OL,LINEMAN,OL-16,16,2.0,test,ok,,5.15,,1.9474,794.6605,203,33.656,0.012,0.9978,1.0,0.9999,0.1671,0.2339,0.6802,0.9427,1.0,45,-1.1976,39.2986,0.367,0.145
W23Nvg3rw6U_033,W23Nvg3rw6U,Offensive Lineman Group 1,OL,OL,LINEMAN,OL-17,17,2.0,test,ok,,4.96,,1.8916,806.9061,197,33.015,0.0134,0.9956,0.913,0.9998,0.0755,0.232,0.6761,0.9533,1.0,38,-1.3953,39.4886,0.373,0.1894
W23Nvg3rw6U_034,W23Nvg3rw6U,Offensive Lineman Group 1,OL,OL,LINEMAN,OL-19,19,2.0,train,ok,,5.38,,2.0042,839.4052,210,33.8,0.0106,0.9923,1.0,0.9999,0.0707,0.2338,0.6804,0.9512,1.0,41,-1.1432,39.7564,0.434,0.2431
W23Nvg3rw6U_035,W23Nvg3rw6U,Offensive Lineman Group 1,OL,OL,LINEMAN,OL-20,20,2.0,train,ok,,5.22,,2.0027,866.1653,205,33.649,0.0116,0.9972,1.0,0.9999,0.0593,0.2314,0.6754,0.9623,1.0,43,-1.4325,41.3261,0.766,0.3722
W23Nvg3rw6U_036,W23Nvg3rw6U,Offensive Lineman Group 1,OL,OL,LINEMAN,OL-22,22,2.0,test,ok,,4.93,,1.8462,888.9881,196,33.292,0.0178,0.9949,1.0,0.9999,0.0923,0.2343,0.6814,0.9733,1.0,38,-1.2527,39.3509,0.374,0.1702
W23Nvg3rw6U_037,W23Nvg3rw6U,Offensive Lineman Group 1,OL,OL,LINEMAN,OL-24,24,2.0,test,ok,,4.93,,1.8601,921.3204,196,33.953,0.0111,0.9949,1.0,0.9999,0.0965,0.2284,0.6795,0.9667,1.0,45,-1.1097,39.6156,0.421,0.1443
W23Nvg3rw6U_038,W23Nvg3rw6U,Offensive Lineman Group 1,OL,OL,LINEMAN,OL-27,27,2.0,train,rejected,panel_min_corr=0.0784;turf_min=0;lane_frac=0.815;track_frac=0;x_at_stop_err=nan;x_at_zero=nan;max_step_yd=nan,5.15,,,954.7538,203,33.801,0.0111,0.9394,1.0,0.0784,0.2126,0.0,0.6802,0.8153,0.0,17,,,,0.8152
W23Nvg3rw6U_039,W23Nvg3rw6U,Offensive Lineman Group 1,OL,OL,LINEMAN,OL-28,28,2.0,train,ok,,5.09,,1.939,971.8709,201,32.809,0.0123,0.9964,1.0,0.9999,0.0836,0.2294,0.6803,0.9548,1.0,36,-1.3737,39.4678,0.367,0.1965
f9RAoGpGkIY_000,f9RAoGpGkIY,Offensive Lineman Group 2,OL,OL,LINEMAN,OL-31,31,1.0,train,ok,,4.94,1.74,1.8647,36.9703,197,33.843,0.0167,1.0064,1.0,0.9998,0.1204,0.2344,0.6765,0.96,1.0,33,-1.2901,39.5564,0.372,0.1582
f9RAoGpGkIY_001,f9RAoGpGkIY,Offensive Lineman Group 2,OL,OL,LINEMAN,OL-33,33,1.0,test,ok,,5.0,1.75,1.8887,63.7971,198,33.464,0.0117,1.001,1.0,0.9999,0.088,0.2372,0.6775,0.9342,1.0,61,-1.5503,39.4181,0.363,0.152
f9RAoGpGkIY_002,f9RAoGpGkIY,Offensive Lineman Group 2,OL,OL,LINEMAN,OL-35,35,1.0,train,ok,,5.09,1.77,1.9155,88.2548,201,33.919,0.0132,0.9964,1.0,0.9999,0.0603,0.2363,0.6791,0.9677,1.0,67,-1.2066,39.6475,0.395,0.1537
f9RAoGpGkIY_003,f9RAoGpGkIY,Offensive Lineman Group 2,OL,OL,LINEMAN,OL-36,36,1.0,test,rejected,x_at_stop_err=4.95;max_step_yd=1.15,5.1,1.73,,103.3699,201,33.854,0.0127,0.9945,1.0,0.9999,0.1395,0.2356,0.6786,0.9355,1.0,41,-1.2759,44.9534,1.147,0.1697
f9RAoGpGkIY_004,f9RAoGpGkIY,Offensive Lineman Group 2,OL,OL,LINEMAN,OL-38,38,1.0,test,ok,,5.14,1.78,1.9311,141.9418,202,33.728,0.0188,0.9997,1.0,0.9999,0.0569,0.2365,0.6794,0.9808,1.0,54,-1.3302,39.4253,0.371,0.1431
f9RAoGpGkIY_005,f9RAoGpGkIY,Offensive Lineman Group 2,OL,OL,LINEMAN,OL-39,39,1.0,,rejected,max_cut=0.584;turf_min=0.0075;lane_frac=0.873;track_frac=0;x_at_stop_err=nan;x_at_zero=nan;max_step_yd=nan,5.19,1.82,,165.8991,204,34.147,0.0126,0.9965,1.0,0.9999,0.5841,0.0075,0.6759,0.8726,0.0,25,,,,1.708
f9RAoGpGkIY_006,f9RAoGpGkIY,Offensive Lineman Group 2,OL,OL,LINEMAN,OL-40,40,1.0,test,ok,,5.22,1.82,1.9516,211.3445,205,33.436,0.0136,0.9972,1.0,0.9999,0.1348,0.2373,0.6805,0.9684,1.0,68,-0.9221,39.6454,0.446,0.188
f9RAoGpGkIY_007,f9RAoGpGkIY,Offensive Lineman Group 2,OL,OL,LINEMAN,OL-41,41,1.0,test,ok,,5.22,1.84,1.9303,250.884,205,33.933,0.0151,0.9972,1.0,0.9999,0.0587,0.2373,0.6792,0.9623,1.0,41,-1.3242,39.6655,0.354,0.2118
f9RAoGpGkIY_008,f9RAoGpGkIY,Offensive Lineman Group 2,OL,OL,LINEMAN,OL-42,42,1.0,train,ok,,5.29,1.85,1.977,263.5967,207,33.527,0.0132,0.9966,1.0,0.9998,0.0809,0.2344,0.6825,0.9379,1.0,40,-1.1513,39.6171,0.503,0.1688
f9RAoGpGkIY_009,f9RAoGpGkIY,Offensive Lineman Group 2,OL,OL,LINEMAN,OL-44,44,1.0,train,ok,,5.06,1.81,1.9371,276.5429,200,33.428,0.0127,0.9957,1.0,0.9998,0.1101,0.2339,0.6802,0.974,1.0,14,-1.3345,39.6055,0.391,0.151
f9RAoGpGkIY_010,f9RAoGpGkIY,Offensive Lineman Group 2,OL,OL,LINEMAN,OL-46,46,1.0,train,ok,,5.17,1.8,1.9472,288.0878,203,33.971,0.011,0.9939,1.0,0.9998,0.1286,0.2355,0.68,0.9682,1.0,39,-1.1658,39.5754,0.391,0.1701
f9RAoGpGkIY_011,f9RAoGpGkIY,Offensive Lineman Group 2,OL,OL,LINEMAN,OL-47,47,1.0,test,ok,,5.14,1.78,1.924,300.8672,202,34.274,0.014,0.9997,1.0,0.9997,0.1097,0.2424,0.6773,0.9808,1.0,35,-1.2503,39.443,0.38,0.1753
f9RAoGpGkIY_012,f9RAoGpGkIY,Offensive Lineman Group 2,OL,OL,LINEMAN,OL-48,48,1.0,train,ok,,5.36,1.82,1.9713,312.1118,209,34.021,0.018,0.996,0.981,0.9998,0.0612,0.2384,0.6808,0.9568,1.0,44,-1.2044,39.5656,0.431,0.1569
f9RAoGpGkIY_013,f9RAoGpGkIY,Offensive Lineman Group 2,OL,OL,LINEMAN,OL-49,49,1.0,test,ok,,5.24,1.84,2.0005,323.5566,205,32.941,0.0172,0.9997,0.966,0.9998,0.1354,0.2362,0.674,0.9686,1.0,42,-1.3742,39.5747,0.449,0.1458
f9RAoGpGkIY_014,f9RAoGpGkIY,Offensive Lineman Group 2,OL,OL,LINEMAN,OL-52,52,1.0,test,rejected,clock_resid_p95=0.026,5.04,1.74,,338.1712,199,33.501,0.026,0.9997,1.0,0.9998,0.1102,0.2385,0.6778,0.9804,1.0,54,-1.4114,39.5472,0.409,0.1537
f9RAoGpGkIY_015,f9RAoGpGkIY,Offensive Lineman Group 2,OL,OL,LINEMAN,OL-53,53,1.0,test,rejected,x_at_stop_err=2.57,5.05,1.79,,363.5298,200,32.728,0.0109,0.9911,1.0,0.9999,0.0663,0.2383,0.6774,0.9481,1.0,41,-1.3453,37.4269,0.405,0.1766
f9RAoGpGkIY_016,f9RAoGpGkIY,Offensive Lineman Group 2,OL,OL,LINEMAN,OL-31,31,2.0,train,rejected,x_at_stop_err=2.2,4.91,,,401.768,196,33.799,0.0127,0.999,1.0,0.9999,0.1023,0.2414,0.6759,0.9664,1.0,30,-1.0436,37.8029,0.418,0.2938
f9RAoGpGkIY_017,f9RAoGpGkIY,Offensive Lineman Group 2,OL,OL,LINEMAN,OL-33,33,2.0,test,rejected,x_at_stop_err=3.2,5.01,,,426.3259,199,33.414,0.011,0.999,1.0,0.9999,0.0698,0.2415,0.6777,0.9671,1.0,58,-1.4567,43.1963,0.78,0.4183
f9RAoGpGkIY_018,f9RAoGpGkIY,Offensive Lineman Group 2,OL,OL,LINEMAN,OL-35,35,2.0,train,ok,,5.04,,1.9076,438.8718,199,33.001,0.0177,0.9997,1.0,0.9999,0.0649,0.2417,0.6788,0.9673,1.0,54,-1.1759,39.361,0.405,0.1621
f9RAoGpGkIY_019,f9RAoGpGkIY,Offensive Lineman Group 2,OL,OL,LINEMAN,OL-36,36,2.0,test,ok,,5.1,,1.8997,459.5591,201,33.143,0.0141,0.9945,1.0,0.9999,0.1659,0.24,0.6792,0.961,1.0,30,-1.356,39.6864,0.375,0.1697
f9RAoGpGkIY_020,f9RAoGpGkIY,Offensive Lineman Group 2,OL,OL,LINEMAN,OL-38,38,2.0,test,ok,,5.2,,1.9616,484.8844,204,33.425,0.0158,1.001,1.0,0.9999,0.0868,0.2425,0.6781,0.981,1.0,42,-1.4154,39.5301,0.429,0.1388
f9RAoGpGkIY_021,f9RAoGpGkIY,Offensive Lineman Group 2,OL,OL,LINEMAN,OL-39,39,2.0,,rejected,turf_min=0.076;turf_median=0.193,5.15,,,498.2644,203,33.92,0.0175,0.9913,1.0,0.9999,0.0638,0.076,0.1925,0.9873,1.0,23,-0.9955,39.4428,0.384,1.2288
f9RAoGpGkIY_022,f9RAoGpGkIY,Offensive Lineman Group 2,OL,OL,LINEMAN,OL-41,41,2.0,test,ok,,5.25,,1.986,530.4966,206,33.416,0.0117,0.9978,1.0,0.9999,0.1753,0.2421,0.6779,0.9748,1.0,34,-1.3886,39.5952,0.36,0.1655
f9RAoGpGkIY_023,f9RAoGpGkIY,Offensive Lineman Group 2,OL,OL,LINEMAN,OL-42,42,2.0,train,rejected,x_at_stop_err=2.95,5.29,,,570.0028,207,34.257,0.0149,0.9966,1.0,0.9998,0.0672,0.2405,0.6809,0.9688,1.0,30,-1.2714,37.0452,0.406,0.4796
f9RAoGpGkIY_024,f9RAoGpGkIY,Offensive Lineman Group 2,OL,OL,LINEMAN,OL-44,44,2.0,train,ok,,5.06,,1.9482,584.6174,200,34.15,0.0122,0.9957,1.0,0.9998,0.0606,0.2448,0.6747,0.9673,1.0,34,-1.215,39.5347,0.374,0.1621
f9RAoGpGkIY_025,f9RAoGpGkIY,Offensive Lineman Group 2,OL,OL,LINEMAN,OL-47,47,2.0,test,ok,,5.1,,1.8605,596.7295,201,33.295,0.0115,0.9945,1.0,0.9998,0.0712,0.2421,0.6827,0.9742,1.0,23,-1.1139,39.6592,0.353,0.1511
f9RAoGpGkIY_026,f9RAoGpGkIY,Offensive Lineman Group 2,OL,OL,LINEMAN,OL-48,48,2.0,train,ok,,5.37,,2.0089,608.0741,209,33.9,0.0111,0.9942,1.0,0.9998,0.0602,0.2422,0.676,0.9693,1.0,44,-1.2016,39.3573,0.347,0.1433
f9RAoGpGkIY_027,f9RAoGpGkIY,Offensive Lineman Group 2,OL,OL,LINEMAN,OL-49,49,2.0,test,ok,,5.19,,1.999,619.5523,204,34.205,0.0133,0.9965,0.941,0.9998,0.0888,0.2397,0.677,0.9873,1.0,39,-1.3025,39.3153,0.422,0.1475
f9RAoGpGkIY_028,f9RAoGpGkIY,Offensive Lineman Group 2,OL,OL,LINEMAN,OL-52,52,2.0,test,ok,,5.02,,1.9162,631.7978,199,33.707,0.0131,0.997,1.0,0.9998,0.0615,0.2393,0.6775,0.9608,1.0,58,-1.3895,39.2486,0.436,0.142
f9RAoGpGkIY_029,f9RAoGpGkIY,Offensive Lineman Group 2,OL,OL,LINEMAN,OL-53,53,2.0,test,ok,,5.02,,1.949,649.7491,199,33.322,0.0127,0.997,1.0,0.9999,0.0921,0.2395,0.6779,0.9671,1.0,40,-1.3446,39.5606,0.434,0.1489
g__zmhX838U_000,g__zmhX838U,Running Backs,RB,RB,STRONG,RB-3,3,1.0,train,ok,,4.38,,1.7095,15.6156,180,33.9,0.0148,0.9903,1.0,0.9999,0.0854,0.2388,0.6759,0.9925,1.0,29,-1.2335,39.4428,0.423,0.238
g__zmhX838U_001,g__zmhX838U,Running Backs,RB,RB,STRONG,RB-7,7,1.0,test,ok,,4.47,,1.6602,41.3079,182,33.527,0.0111,1.0003,1.0,0.9999,0.133,0.2395,0.6792,0.9779,1.0,26,-1.196,39.5693,0.451,0.1662
g__zmhX838U_002,g__zmhX838U,Running Backs,RB,RB,STRONG,RB-9,9,1.0,test,ok,,4.55,,1.7402,57.9579,185,33.136,0.0111,0.9973,1.0,0.9999,0.0962,0.2382,0.6794,0.9783,1.0,33,-1.2027,39.5224,0.474,0.1784
g__zmhX838U_003,g__zmhX838U,Running Backs,RB,RB,STRONG,RB-10,10,1.0,test,ok,,4.6,,1.7313,86.5198,186,33.941,0.0131,0.9937,1.0,0.9999,0.061,0.2391,0.6799,0.9643,1.0,24,-1.1788,39.7312,0.403,0.1888
g__zmhX838U_004,g__zmhX838U,Running Backs,RB,RB,STRONG,RB-11,11,1.0,test,ok,,4.37,,1.6619,110.4103,179,33.686,0.015,1.0002,1.0,0.9999,0.0862,0.237,0.6785,0.9774,1.0,54,-1.2704,39.5702,0.456,0.1957
g__zmhX838U_005,g__zmhX838U,Running Backs,RB,RB,STRONG,RB-12,12,1.0,train,ok,,4.5,,1.6934,149.0489,183,34.412,0.0113,0.9936,1.0,0.9999,0.0867,0.2373,0.6775,0.9781,1.0,49,-1.2199,39.4677,0.505,0.1661
g__zmhX838U_006,g__zmhX838U,Running Backs,RB,RB,STRONG,RB-13,13,1.0,train,ok,,4.43,,1.6818,167.167,181,34.072,0.0115,0.9942,1.0,0.9999,0.1014,0.2403,0.6765,0.9627,1.0,40,-1.2206,39.2429,0.586,0.1736
g__zmhX838U_007,g__zmhX838U,Running Backs,RB,RB,STRONG,RB-15,15,1.0,train,ok,,4.5,,1.7315,178.3448,183,33.928,0.0129,0.9936,1.0,0.9999,0.0769,0.2364,0.6797,0.9927,1.0,38,-1.332,39.4007,0.562,0.1836
g__zmhX838U_008,g__zmhX838U,Running Backs,RB,RB,STRONG,RB-16,16,1.0,train,rejected,x_at_stop_err=2.22,4.51,,,211.4112,184,33.689,0.0111,0.9914,1.0,0.9999,0.0774,0.2369,0.6782,0.9708,1.0,31,-1.2547,37.7799,0.48,0.2032
g__zmhX838U_009,g__zmhX838U,Running Backs,RB,RB,STRONG,RB-3,3,2.0,train,ok,,4.37,,1.7103,241.4746,179,33.778,0.0141,1.0002,1.0,0.9998,0.0799,0.2372,0.6757,0.9699,1.0,34,-1.2372,39.6902,0.473,0.1792
g__zmhX838U_010,g__zmhX838U,Running Backs,RB,RB,STRONG,RB-7,7,2.0,test,ok,,4.45,,1.6543,253.253,182,33.459,0.0182,0.9898,1.0,0.9999,0.0758,0.2371,0.6765,0.963,1.0,27,-1.1831,39.4072,0.409,0.1605
g__zmhX838U_011,g__zmhX838U,Running Backs,RB,RB,STRONG,RB-9,9,2.0,test,ok,,4.53,,1.723,264.4976,184,34.022,0.0131,0.9944,1.0,0.9998,0.0807,0.2382,0.6775,0.9781,1.0,38,-1.131,39.4327,0.396,0.1972
g__zmhX838U_012,g__zmhX838U,Running Backs,RB,RB,STRONG,RB-10,10,2.0,test,rejected,clock_resid_p95=4.59,4.57,,,274.8746,185,33.143,4.5947,1.0514,0.951,0.9998,0.1252,0.236,0.6806,0.9856,1.0,36,-1.1677,39.4456,0.392,0.1955
g__zmhX838U_013,g__zmhX838U,Running Backs,RB,RB,STRONG,RB-11,11,2.0,test,ok,,4.36,,1.6517,285.4185,179,34.003,0.0191,0.9949,0.904,0.9998,0.0643,0.2419,0.6775,0.9773,1.0,18,-1.3988,39.4257,0.506,0.1706
g__zmhX838U_014,g__zmhX838U,Running Backs,RB,RB,STRONG,RB-12,12,2.0,train,rejected,clock_resid_p95=5.23,4.54,,,294.4608,184,33.482,5.2269,1.1098,0.942,0.9998,0.0703,0.2358,0.6769,0.9855,1.0,39,-1.2,39.7255,0.554,0.1779
g__zmhX838U_015,g__zmhX838U,Running Backs,RB,RB,STRONG,RB-13,13,2.0,train,ok,,4.46,,1.7028,314.5476,182,33.381,0.0174,1.0025,1.0,0.9999,0.0846,0.2391,0.6785,0.9632,0.9926,62,-1.0644,39.6015,0.422,0.2057
g__zmhX838U_016,g__zmhX838U,Running Backs,RB,RB,STRONG,RB-15,15,2.0,train,ok,,4.51,,1.7428,356.7564,184,33.113,0.0199,0.9988,1.0,0.9999,0.0894,0.239,0.6798,0.9854,1.0,36,-1.3115,39.6329,0.53,0.2123
g__zmhX838U_017,g__zmhX838U,Running Backs,RB,RB,STRONG,RB-16,16,2.0,train,ok,,4.51,,1.7524,401.2008,184,33.727,0.011,0.9914,1.0,0.9998,0.0826,0.241,0.6753,0.9708,1.0,27,-1.0357,39.3646,0.424,0.1999
olzS7RidilY_000,olzS7RidilY,Linebackers,LB,LB,STRONG,LB-6,6,1.0,test,ok,,4.47,,1.7074,23.7571,182,33.191,0.0191,0.9928,1.0,0.9999,0.0799,0.2396,0.6767,0.9779,1.0,56,-1.2267,39.6329,0.484,0.1584
olzS7RidilY_001,olzS7RidilY,Linebackers,LB,LB,STRONG,LB-10,10,1.0,train,ok,,4.6,,1.7098,40.8742,186,33.036,0.0152,1.001,1.0,0.9999,0.0661,0.2357,0.6808,0.9856,1.0,9,-1.2566,39.6128,0.391,0.1583
olzS7RidilY_002,olzS7RidilY,Linebackers,LB,LB,STRONG,LB-11,11,1.0,test,ok,,4.62,,1.7142,60.427,187,33.724,0.0144,1.0039,1.0,0.9999,0.0753,0.2352,0.6833,0.9716,1.0,13,-1.1946,39.7638,0.543,0.1806
olzS7RidilY_003,olzS7RidilY,Linebackers,LB,LB,STRONG,LB-12,12,1.0,test,rejected,max_cut=0.482;turf_min=0;turf_median=0.194;lane_frac=0;track_frac=0;start_support=0;x_at_stop_err=nan;x_at_zero=nan;max_step_yd=nan,4.59,,,83.6502,186,34.393,0.0114,0.7415,1.0,0.9999,0.4816,0.0,0.194,0.0,0.0,0,,,,
olzS7RidilY_004,olzS7RidilY,Linebackers,LB,LB,STRONG,LB-13,13,1.0,train,rejected,turf_min=0.0736;turf_median=0.196;track_frac=0;start_support=1;x_at_stop_err=nan;x_at_zero=nan;max_step_yd=nan,4.58,,,107.1737,186,32.325,0.0175,0.9981,1.0,1.0,0.035,0.0736,0.1955,0.9065,0.0,1,,,,1.2646
olzS7RidilY_005,olzS7RidilY,Linebackers,LB,LB,STRONG,LB-14,14,1.0,,rejected,turf_min=0.0747;turf_median=0.197;lane_frac=0;track_frac=0;start_support=0;x_at_stop_err=nan;x_at_zero=nan;max_step_yd=nan,4.6,,,119.2525,186,34.135,0.0114,0.9937,0.866,0.9999,0.0592,0.0747,0.1969,0.0,0.0,0,,,,
olzS7RidilY_006,olzS7RidilY,Linebackers,LB,LB,STRONG,LB-16,16,1.0,train,rejected,turf_min=0.0749;turf_median=0.193;lane_frac=0;track_frac=0;start_support=0;x_at_stop_err=nan;x_at_zero=nan;max_step_yd=nan,4.57,,,132.1654,185,33.501,0.0129,1.0003,1.0,0.9999,0.0455,0.0749,0.1932,0.0,0.0,0,,,,
olzS7RidilY_007,olzS7RidilY,Linebackers,LB,LB,STRONG,LB-18,18,1.0,test,rejected,turf_min=0.0749;turf_median=0.193;lane_frac=0;track_frac=0;start_support=0;x_at_stop_err=nan;x_at_zero=nan;max_step_yd=nan,4.54,,,148.9822,184,33.962,0.0135,0.9922,1.0,1.0,0.0573,0.0749,0.1933,0.0,0.0,0,,,,
olzS7RidilY_008,olzS7RidilY,Linebackers,LB,LB,STRONG,LB-20,20,1.0,train,ok,,4.53,,1.6763,169.3025,184,34.17,0.0115,1.0017,1.0,0.9999,0.081,0.2416,0.6827,0.9635,1.0,46,-1.278,39.8489,0.408,0.1573
olzS7RidilY_009,olzS7RidilY,Linebackers,LB,LB,STRONG,LB-21,21,1.0,train,ok,,4.61,,1.7261,204.2374,187,33.992,0.0189,0.9988,1.0,0.9999,0.0594,0.2382,0.6819,0.9716,1.0,13,-0.9475,39.7369,0.404,0.1614
olzS7RidilY_010,olzS7RidilY,Linebackers,LB,LB,STRONG,LB-23,23,1.0,test,ok,,4.58,,1.7276,224.4242,186,33.725,0.0117,0.9981,1.0,0.9999,0.0806,0.2396,0.6806,0.9784,1.0,16,-1.1592,39.57,0.402,0.1532
olzS7RidilY_011,olzS7RidilY,Linebackers,LB,LB,STRONG,LB-24,24,1.0,test,ok,,4.64,,1.7821,245.9791,187,33.535,0.0108,0.9996,1.0,0.9999,0.0595,0.2402,0.6821,0.9645,1.0,25,-1.125,39.5455,0.403,0.1805
olzS7RidilY_012,olzS7RidilY,Linebackers,LB,LB,STRONG,LB-6,6,2.0,test,ok,,4.53,,1.7233,333.8001,184,34.256,0.0193,0.9944,1.0,0.9998,0.0689,0.2296,0.6778,0.9638,1.0,44,-1.4133,39.8271,0.417,0.1499
olzS7RidilY_013,olzS7RidilY,Linebackers,LB,LB,STRONG,LB-10,10,2.0,train,ok,,4.63,,1.7238,346.5462,187,33.268,0.018,0.9945,1.0,0.9998,0.0584,0.2352,0.6816,0.9716,1.0,13,-1.2015,39.8391,0.399,0.1492
olzS7RidilY_014,olzS7RidilY,Linebackers,LB,LB,STRONG,LB-11,11,2.0,test,ok,,4.63,,1.7148,358.9586,187,32.284,0.0114,0.9945,1.0,0.9998,0.0683,0.24,0.6824,0.9291,0.9929,11,-1.0169,39.7061,0.402,0.167
olzS7RidilY_015,olzS7RidilY,Linebackers,LB,LB,STRONG,LB-12,12,2.0,test,ok,,4.52,,1.7108,371.5712,184,33.819,0.0128,0.9892,1.0,0.9998,0.0719,0.2375,0.6806,0.9855,1.0,17,-1.1036,39.5613,0.408,0.1706
olzS7RidilY_016,olzS7RidilY,Linebackers,LB,LB,STRONG,LB-13,13,2.0,train,ok,,4.58,,1.7122,383.2829,186,33.497,0.0109,0.9981,1.0,0.9999,0.0651,0.2411,0.6853,0.9856,1.0,8,-0.9897,39.5739,0.403,0.1436
olzS7RidilY_017,olzS7RidilY,Linebackers,LB,LB,STRONG,LB-14,14,2.0,,rejected,bib_agree=0.779;panel_min_corr=-0.18;max_cut=0.709;turf_min=0.000208;lane_frac=0;track_frac=0;start_support=0;x_at_stop_err=nan;x_at_zero=nan;max_step_yd=nan,4.58,,,392.3586,186,33.295,0.0117,0.8305,0.779,-0.1797,0.709,0.0002,0.6864,0.0,0.0,0,,,,
olzS7RidilY_018,olzS7RidilY,Linebackers,LB,LB,STRONG,LB-16,16,2.0,train,ok,,4.54,,1.7014,432.5988,185,33.918,0.0117,0.9922,1.0,0.9999,0.1034,0.2398,0.6848,0.971,1.0,40,-1.2235,39.5085,0.404,0.1467
olzS7RidilY_019,olzS7RidilY,Linebackers,LB,LB,STRONG,LB-18,18,2.0,test,ok,,4.55,,1.6713,458.5581,185,33.912,0.0116,0.9973,1.0,0.9999,0.0745,0.2352,0.683,0.9712,1.0,51,-1.1714,39.7353,0.399,0.1566
olzS7RidilY_020,olzS7RidilY,Linebackers,LB,LB,STRONG,LB-20,20,2.0,train,ok,,4.47,,1.693,484.484,182,33.505,0.013,1.0003,1.0,0.9999,0.0632,0.2358,0.682,0.9632,1.0,43,-1.2451,39.5815,0.404,0.1494
olzS7RidilY_021,olzS7RidilY,Linebackers,LB,LB,STRONG,LB-21,21,2.0,train,ok,,4.58,,1.7186,533.6998,186,34.221,0.0133,0.9981,1.0,0.9999,0.079,0.2353,0.6822,0.9784,1.0,14,-1.0424,39.7082,0.475,0.1448
olzS7RidilY_022,olzS7RidilY,Linebackers,LB,LB,STRONG,LB-23,23,2.0,test,ok,,4.57,,1.7148,577.1099,185,33.626,0.011,1.0003,1.0,0.9999,0.0661,0.2342,0.6839,0.9856,1.0,13,-1.1879,39.6001,0.507,0.1869
olzS7RidilY_023,olzS7RidilY,Linebackers,LB,LB,STRONG,LB-24,24,2.0,test,ok,,4.64,,1.7631,601.0338,187,33.004,0.02,0.9996,1.0,0.9999,0.0654,0.2348,0.6821,0.9858,1.0,49,-1.1838,39.8575,0.44,0.1448
